ts,chain,token,disp_pct
2026-06-20T10:42:52.287258+00:00,sui,WAL,0.0
2026-06-20T10:42:52.287258+00:00,sui,CETUS,0.277
2026-06-20T10:42:52.287258+00:00,sui,USDSUI,0.1701
2026-06-20T10:42:52.287258+00:00,sui,SUIUSDT,0.0
2026-06-20T10:42:52.287258+00:00,sui,USDC,0.1846
2026-06-20T10:42:52.287258+00:00,sui,SUI,0.5012
2026-06-20T10:42:52.287258+00:00,solana,JITOSOL,0.3523
2026-06-20T10:42:52.287258+00:00,solana,GIGA,0.6296
2026-06-20T10:42:52.287258+00:00,solana,RENDER,0.0
2026-06-20T10:42:52.287258+00:00,solana,POPCAT,0.14
2026-06-20T10:42:52.287258+00:00,solana,HYPE,0.1276
2026-06-20T10:42:52.287258+00:00,solana,ORE,0.2688
2026-06-20T10:42:52.287258+00:00,solana,USELESS,0.3262
2026-06-20T10:42:52.287258+00:00,solana,JUP,0.9014
2026-06-20T10:42:52.287258+00:00,solana,PENGU,0.1629
2026-06-20T10:42:52.287258+00:00,solana,MET,0.1325
2026-06-20T10:42:52.287258+00:00,solana,TRUMP,0.0
2026-06-20T10:42:52.287258+00:00,solana,USDG,0.0937
2026-06-20T10:42:52.287258+00:00,solana,USDE,0.0
2026-06-20T10:42:52.287258+00:00,solana,WETH,0.1891
2026-06-20T10:42:52.287258+00:00,solana,FO,0.0
2026-06-20T10:42:52.287258+00:00,solana,USDC,0.02
2026-06-20T10:42:52.287258+00:00,solana,SOL,100.1541
2026-06-20T10:42:52.287258+00:00,base,CBETH,0.1263
2026-06-20T10:42:52.287258+00:00,base,AERO,0.5487
2026-06-20T10:42:52.287258+00:00,base,USDC,0.0019
2026-06-20T10:42:52.287258+00:00,base,USDT,0.1002
2026-06-20T10:42:52.287258+00:00,base,EURC,0.0
2026-06-20T10:42:52.287258+00:00,base,WEETH,0.0232
2026-06-20T10:42:52.287258+00:00,base,WSTETH,0.2369
2026-06-20T10:42:52.287258+00:00,base,NOCK,0.0
2026-06-20T10:42:52.287258+00:00,base,FBOMB,0.6656
2026-06-20T10:42:52.287258+00:00,base,ETH,0.3618
2026-06-20T10:42:52.287258+00:00,base,CBBTC,0.48
2026-06-20T10:42:52.287258+00:00,base,VIRTUAL,0.4786
2026-06-20T10:42:52.287258+00:00,base,VVV,0.4723
2026-06-20T10:42:52.287258+00:00,base,BRETT,0.4781
2026-06-20T10:42:52.287258+00:00,base,BNKR,0.4613
2026-06-20T10:42:52.287258+00:00,base,MAMO,0.6585
2026-06-20T10:42:52.287258+00:00,base,WETH,0.8792
2026-06-20T10:42:52.287258+00:00,aptos,USDC,0.1039
2026-06-20T10:42:52.287258+00:00,aptos,APT,0.0
2026-06-20T10:44:32.330944+00:00,sui,WAL,0.0
2026-06-20T10:44:32.330944+00:00,sui,CETUS,0.277
2026-06-20T10:44:32.330944+00:00,sui,USDSUI,0.1701
2026-06-20T10:44:32.330944+00:00,sui,SUIUSDT,0.0
2026-06-20T10:44:32.330944+00:00,sui,USDC,0.1846
2026-06-20T10:44:32.330944+00:00,sui,SUI,0.5292
2026-06-20T10:44:32.330944+00:00,solana,JITOSOL,0.3523
2026-06-20T10:44:32.330944+00:00,solana,GIGA,0.6296
2026-06-20T10:44:32.330944+00:00,solana,RENDER,0.0
2026-06-20T10:44:32.330944+00:00,solana,POPCAT,0.14
2026-06-20T10:44:32.330944+00:00,solana,HYPE,0.0992
2026-06-20T10:44:32.330944+00:00,solana,ORE,0.2688
2026-06-20T10:44:32.330944+00:00,solana,USELESS,0.3262
2026-06-20T10:44:32.330944+00:00,solana,JUP,1.0532
2026-06-20T10:44:32.330944+00:00,solana,PENGU,0.0741
2026-06-20T10:44:32.330944+00:00,solana,MET,0.1325
2026-06-20T10:44:32.330944+00:00,solana,TRUMP,0.0
2026-06-20T10:44:32.330944+00:00,solana,USDG,0.0937
2026-06-20T10:44:32.330944+00:00,solana,USDE,0.0
2026-06-20T10:44:32.330944+00:00,solana,WETH,0.1891
2026-06-20T10:44:32.330944+00:00,solana,FO,0.0412
2026-06-20T10:44:32.330944+00:00,solana,USDC,0.02
2026-06-20T10:44:32.330944+00:00,solana,SOL,0.6305
2026-06-20T10:44:32.330944+00:00,base,CBETH,0.1263
2026-06-20T10:44:32.330944+00:00,base,AERO,0.6509
2026-06-20T10:44:32.330944+00:00,base,USDC,0.0019
2026-06-20T10:44:32.330944+00:00,base,USDT,0.1002
2026-06-20T10:44:32.330944+00:00,base,EURC,0.0
2026-06-20T10:44:32.330944+00:00,base,WEETH,0.0232
2026-06-20T10:44:32.330944+00:00,base,WSTETH,0.2369
2026-06-20T10:44:32.330944+00:00,base,NOCK,0.0
2026-06-20T10:44:32.330944+00:00,base,FBOMB,0.6656
2026-06-20T10:44:32.330944+00:00,base,ETH,0.3618
2026-06-20T10:44:32.330944+00:00,base,CBBTC,0.48
2026-06-20T10:44:32.330944+00:00,base,VIRTUAL,0.4786
2026-06-20T10:44:32.330944+00:00,base,VVV,0.4049
2026-06-20T10:44:32.330944+00:00,base,BRETT,0.2561
2026-06-20T10:44:32.330944+00:00,base,BNKR,0.4843
2026-06-20T10:44:32.330944+00:00,base,MAMO,0.6585
2026-06-20T10:44:32.330944+00:00,base,WETH,0.8792
2026-06-20T10:44:32.330944+00:00,aptos,USDC,0.1039
2026-06-20T10:44:32.330944+00:00,aptos,APT,0.0
2026-06-20T10:46:10.846672+00:00,sui,WAL,0.0
2026-06-20T10:46:10.846672+00:00,sui,CETUS,0.221
2026-06-20T10:46:10.846672+00:00,sui,USDSUI,0.2001
2026-06-20T10:46:10.846672+00:00,sui,SUIUSDT,0.0
2026-06-20T10:46:10.846672+00:00,sui,USDC,0.1946
2026-06-20T10:46:10.846672+00:00,sui,SUI,0.5292
2026-06-20T10:46:10.846672+00:00,solana,JITOSOL,0.2539
2026-06-20T10:46:10.846672+00:00,solana,GIGA,0.6296
2026-06-20T10:46:10.846672+00:00,solana,RENDER,0.0
2026-06-20T10:46:10.846672+00:00,solana,POPCAT,0.14
2026-06-20T10:46:10.846672+00:00,solana,HYPE,0.3118
2026-06-20T10:46:10.846672+00:00,solana,ORE,0.2688
2026-06-20T10:46:10.846672+00:00,solana,USELESS,0.3262
2026-06-20T10:46:10.846672+00:00,solana,JUP,1.0532
2026-06-20T10:46:10.846672+00:00,solana,PENGU,0.0741
2026-06-20T10:46:10.846672+00:00,solana,MET,0.1325
2026-06-20T10:46:10.846672+00:00,solana,TRUMP,0.0
2026-06-20T10:46:10.846672+00:00,solana,USDG,0.0517
2026-06-20T10:46:10.846672+00:00,solana,USDE,0.0
2026-06-20T10:46:10.846672+00:00,solana,WETH,0.1891
2026-06-20T10:46:10.846672+00:00,solana,FO,0.0824
2026-06-20T10:46:10.846672+00:00,solana,USDC,0.02
2026-06-20T10:46:10.846672+00:00,solana,SOL,0.7859
2026-06-20T10:46:10.846672+00:00,base,CBETH,0.1263
2026-06-20T10:46:10.846672+00:00,base,AERO,0.9615
2026-06-20T10:46:10.846672+00:00,base,USDC,0.0019
2026-06-20T10:46:10.846672+00:00,base,USDT,0.0902
2026-06-20T10:46:10.846672+00:00,base,EURC,0.0
2026-06-20T10:46:10.846672+00:00,base,WEETH,0.0232
2026-06-20T10:46:10.846672+00:00,base,WSTETH,0.2369
2026-06-20T10:46:10.846672+00:00,base,NOCK,0.0
2026-06-20T10:46:10.846672+00:00,base,FBOMB,0.6656
2026-06-20T10:46:10.846672+00:00,base,ETH,0.3618
2026-06-20T10:46:10.846672+00:00,base,CBBTC,0.48
2026-06-20T10:46:10.846672+00:00,base,VIRTUAL,0.4786
2026-06-20T10:46:10.846672+00:00,base,VVV,0.4723
2026-06-20T10:46:10.846672+00:00,base,BRETT,0.2391
2026-06-20T10:46:10.846672+00:00,base,BNKR,0.4843
2026-06-20T10:46:10.846672+00:00,base,MAMO,0.5997
2026-06-20T10:46:10.846672+00:00,base,WETH,0.8792
2026-06-20T10:46:10.846672+00:00,aptos,USDC,0.1039
2026-06-20T10:46:10.846672+00:00,aptos,APT,0.0
2026-06-20T10:47:49.852943+00:00,sui,WAL,0.0
2026-06-20T10:47:49.852943+00:00,sui,CETUS,0.221
2026-06-20T10:47:49.852943+00:00,sui,USDSUI,0.2101
2026-06-20T10:47:49.852943+00:00,sui,SUIUSDT,0.0
2026-06-20T10:47:49.852943+00:00,sui,USDC,0.1946
2026-06-20T10:47:49.852943+00:00,sui,SUI,0.5292
2026-06-20T10:47:49.852943+00:00,solana,JITOSOL,0.0981
2026-06-20T10:47:49.852943+00:00,solana,GIGA,0.6296
2026-06-20T10:47:49.852943+00:00,solana,RENDER,0.0
2026-06-20T10:47:49.852943+00:00,solana,POPCAT,0.14
2026-06-20T10:47:49.852943+00:00,solana,HYPE,0.6406
2026-06-20T10:47:49.852943+00:00,solana,ORE,0.2688
2026-06-20T10:47:49.852943+00:00,solana,USELESS,0.3262
2026-06-20T10:47:49.852943+00:00,solana,JUP,1.0532
2026-06-20T10:47:49.852943+00:00,solana,PENGU,0.0741
2026-06-20T10:47:49.852943+00:00,solana,MET,0.3974
2026-06-20T10:47:49.852943+00:00,solana,TRUMP,0.0
2026-06-20T10:47:49.852943+00:00,solana,USDG,0.0487
2026-06-20T10:47:49.852943+00:00,solana,USDE,0.0
2026-06-20T10:47:49.852943+00:00,solana,WETH,0.1891
2026-06-20T10:47:49.852943+00:00,solana,FO,0.0824
2026-06-20T10:47:49.852943+00:00,solana,USDC,0.01
2026-06-20T10:47:49.852943+00:00,solana,SOL,0.5882
2026-06-20T10:47:49.852943+00:00,base,CBETH,0.1263
2026-06-20T10:47:49.852943+00:00,base,AERO,0.8996
2026-06-20T10:47:49.852943+00:00,base,USDC,0.0019
2026-06-20T10:47:49.852943+00:00,base,USDT,0.0902
2026-06-20T10:47:49.852943+00:00,base,EURC,0.0
2026-06-20T10:47:49.852943+00:00,base,WEETH,0.0232
2026-06-20T10:47:49.852943+00:00,base,WSTETH,0.2369
2026-06-20T10:47:49.852943+00:00,base,NOCK,0.0
2026-06-20T10:47:49.852943+00:00,base,FBOMB,0.6656
2026-06-20T10:47:49.852943+00:00,base,ETH,0.3583
2026-06-20T10:47:49.852943+00:00,base,CBBTC,0.4803
2026-06-20T10:47:49.852943+00:00,base,VIRTUAL,0.462
2026-06-20T10:47:49.852943+00:00,base,VVV,0.4723
2026-06-20T10:47:49.852943+00:00,base,BRETT,0.2049
2026-06-20T10:47:49.852943+00:00,base,BNKR,0.5074
2026-06-20T10:47:49.852943+00:00,base,MAMO,0.588
2026-06-20T10:47:49.852943+00:00,base,WETH,0.6534
2026-06-20T10:47:49.852943+00:00,aptos,USDC,0.1039
2026-06-20T10:47:49.852943+00:00,aptos,APT,0.0
2026-06-20T10:49:29.738847+00:00,sui,WAL,0.0
2026-06-20T10:49:29.738847+00:00,sui,CETUS,0.221
2026-06-20T10:49:29.738847+00:00,sui,USDSUI,0.2101
2026-06-20T10:49:29.738847+00:00,sui,SUIUSDT,0.0
2026-06-20T10:49:29.738847+00:00,sui,USDC,0.1946
2026-06-20T10:49:29.738847+00:00,sui,SUI,0.5292
2026-06-20T10:49:29.738847+00:00,solana,JITOSOL,0.1199
2026-06-20T10:49:29.738847+00:00,solana,GIGA,0.6296
2026-06-20T10:49:29.738847+00:00,solana,RENDER,0.578
2026-06-20T10:49:29.738847+00:00,solana,POPCAT,0.1867
2026-06-20T10:49:29.738847+00:00,solana,HYPE,0.2186
2026-06-20T10:49:29.738847+00:00,solana,ORE,0.9805
2026-06-20T10:49:29.738847+00:00,solana,USELESS,0.3262
2026-06-20T10:49:29.738847+00:00,solana,JUP,1.0532
2026-06-20T10:49:29.738847+00:00,solana,PENGU,0.0741
2026-06-20T10:49:29.738847+00:00,solana,MET,0.9894
2026-06-20T10:49:29.738847+00:00,solana,TRUMP,0.0
2026-06-20T10:49:29.738847+00:00,solana,USDG,0.0032
2026-06-20T10:49:29.738847+00:00,solana,USDE,0.0
2026-06-20T10:49:29.738847+00:00,solana,WETH,0.1897
2026-06-20T10:49:29.738847+00:00,solana,FO,0.0824
2026-06-20T10:49:29.738847+00:00,solana,USDC,0.01
2026-06-20T10:49:29.738847+00:00,solana,SOL,0.5882
2026-06-20T10:49:29.738847+00:00,base,CBETH,0.1221
2026-06-20T10:49:29.738847+00:00,base,AERO,0.879
2026-06-20T10:49:29.738847+00:00,base,USDC,0.0019
2026-06-20T10:49:29.738847+00:00,base,USDT,0.1002
2026-06-20T10:49:29.738847+00:00,base,EURC,0.0
2026-06-20T10:49:29.738847+00:00,base,WEETH,0.0232
2026-06-20T10:49:29.738847+00:00,base,WSTETH,0.2369
2026-06-20T10:49:29.738847+00:00,base,NOCK,0.0
2026-06-20T10:49:29.738847+00:00,base,FBOMB,0.6656
2026-06-20T10:49:29.738847+00:00,base,ETH,0.3583
2026-06-20T10:49:29.738847+00:00,base,CBBTC,0.4809
2026-06-20T10:49:29.738847+00:00,base,VIRTUAL,0.462
2026-06-20T10:49:29.738847+00:00,base,VVV,0.4723
2026-06-20T10:49:29.738847+00:00,base,BRETT,0.2049
2026-06-20T10:49:29.738847+00:00,base,BNKR,0.5074
2026-06-20T10:49:29.738847+00:00,base,MAMO,0.588
2026-06-20T10:49:29.738847+00:00,base,WETH,0.6482
2026-06-20T10:49:29.738847+00:00,aptos,USDC,0.1039
2026-06-20T10:49:29.738847+00:00,aptos,APT,0.0
2026-06-20T10:51:08.788305+00:00,sui,WAL,0.0
2026-06-20T10:51:08.788305+00:00,sui,CETUS,0.221
2026-06-20T10:51:08.788305+00:00,sui,USDSUI,0.2101
2026-06-20T10:51:08.788305+00:00,sui,SUIUSDT,0.0
2026-06-20T10:51:08.788305+00:00,sui,USDC,0.0646
2026-06-20T10:51:08.788305+00:00,sui,SUI,0.1943
2026-06-20T10:51:08.788305+00:00,solana,JITOSOL,0.2615
2026-06-20T10:51:08.788305+00:00,solana,GIGA,1.3704
2026-06-20T10:51:08.788305+00:00,solana,RENDER,0.578
2026-06-20T10:51:08.788305+00:00,solana,POPCAT,0.0233
2026-06-20T10:51:08.788305+00:00,solana,HYPE,0.2469
2026-06-20T10:51:08.788305+00:00,solana,ORE,0.9805
2026-06-20T10:51:08.788305+00:00,solana,USELESS,0.3262
2026-06-20T10:51:08.788305+00:00,solana,JUP,0.8509
2026-06-20T10:51:08.788305+00:00,solana,PENGU,0.2965
2026-06-20T10:51:08.788305+00:00,solana,MET,0.5937
2026-06-20T10:51:08.788305+00:00,solana,TRUMP,0.0
2026-06-20T10:51:08.788305+00:00,solana,USDG,0.0607
2026-06-20T10:51:08.788305+00:00,solana,USDE,0.0
2026-06-20T10:51:08.788305+00:00,solana,WETH,0.2872
2026-06-20T10:51:08.788305+00:00,solana,FO,0.0824
2026-06-20T10:51:08.788305+00:00,solana,USDC,0.01
2026-06-20T10:51:08.788305+00:00,solana,SOL,0.3919
2026-06-20T10:51:08.788305+00:00,base,CBETH,0.1221
2026-06-20T10:51:08.788305+00:00,base,AERO,0.879
2026-06-20T10:51:08.788305+00:00,base,USDC,0.0019
2026-06-20T10:51:08.788305+00:00,base,USDT,0.0401
2026-06-20T10:51:08.788305+00:00,base,EURC,0.0
2026-06-20T10:51:08.788305+00:00,base,WEETH,0.048
2026-06-20T10:51:08.788305+00:00,base,WSTETH,0.2369
2026-06-20T10:51:08.788305+00:00,base,NOCK,0.0
2026-06-20T10:51:08.788305+00:00,base,FBOMB,0.6656
2026-06-20T10:51:08.788305+00:00,base,ETH,0.344
2026-06-20T10:51:08.788305+00:00,base,CBBTC,0.4809
2026-06-20T10:51:08.788305+00:00,base,VIRTUAL,0.4123
2026-06-20T10:51:08.788305+00:00,base,VVV,0.4723
2026-06-20T10:51:08.788305+00:00,base,BRETT,0.2732
2026-06-20T10:51:08.788305+00:00,base,BNKR,0.5074
2026-06-20T10:51:08.788305+00:00,base,MAMO,0.588
2026-06-20T10:51:08.788305+00:00,base,WETH,0.7421
2026-06-20T10:51:08.788305+00:00,aptos,USDC,0.1139
2026-06-20T10:51:08.788305+00:00,aptos,APT,0.0
2026-06-20T10:52:47.641665+00:00,sui,WAL,0.0
2026-06-20T10:52:47.641665+00:00,sui,CETUS,0.4972
2026-06-20T10:52:47.641665+00:00,sui,USDSUI,0.2101
2026-06-20T10:52:47.641665+00:00,sui,SUIUSDT,0.0
2026-06-20T10:52:47.641665+00:00,sui,USDC,0.0646
2026-06-20T10:52:47.641665+00:00,sui,SUI,0.1943
2026-06-20T10:52:47.641665+00:00,solana,JITOSOL,0.3051
2026-06-20T10:52:47.641665+00:00,solana,GIGA,1.4444
2026-06-20T10:52:47.641665+00:00,solana,RENDER,0.578
2026-06-20T10:52:47.641665+00:00,solana,POPCAT,0.1166
2026-06-20T10:52:47.641665+00:00,solana,HYPE,0.2469
2026-06-20T10:52:47.641665+00:00,solana,ORE,0.9805
2026-06-20T10:52:47.641665+00:00,solana,USELESS,0.3262
2026-06-20T10:52:47.641665+00:00,solana,JUP,0.8509
2026-06-20T10:52:47.641665+00:00,solana,PENGU,0.2372
2026-06-20T10:52:47.641665+00:00,solana,MET,0.3958
2026-06-20T10:52:47.641665+00:00,solana,TRUMP,0.0
2026-06-20T10:52:47.641665+00:00,solana,USDG,0.1237
2026-06-20T10:52:47.641665+00:00,solana,USDE,0.0
2026-06-20T10:52:47.641665+00:00,solana,WETH,0.326
2026-06-20T10:52:47.641665+00:00,solana,FO,0.0824
2026-06-20T10:52:47.641665+00:00,solana,USDC,0.01
2026-06-20T10:52:47.641665+00:00,solana,SOL,0.5606
2026-06-20T10:52:47.641665+00:00,base,CBETH,0.1221
2026-06-20T10:52:47.641665+00:00,base,AERO,0.7143
2026-06-20T10:52:47.641665+00:00,base,USDC,0.0019
2026-06-20T10:52:47.641665+00:00,base,USDT,0.0401
2026-06-20T10:52:47.641665+00:00,base,EURC,0.0
2026-06-20T10:52:47.641665+00:00,base,WEETH,0.048
2026-06-20T10:52:47.641665+00:00,base,WSTETH,0.2369
2026-06-20T10:52:47.641665+00:00,base,NOCK,0.0
2026-06-20T10:52:47.641665+00:00,base,FBOMB,0.6656
2026-06-20T10:52:47.641665+00:00,base,ETH,0.344
2026-06-20T10:52:47.641665+00:00,base,CBBTC,0.4885
2026-06-20T10:52:47.641665+00:00,base,VIRTUAL,0.4123
2026-06-20T10:52:47.641665+00:00,base,VVV,0.5398
2026-06-20T10:52:47.641665+00:00,base,BRETT,0.2732
2026-06-20T10:52:47.641665+00:00,base,BNKR,0.5766
2026-06-20T10:52:47.641665+00:00,base,MAMO,0.588
2026-06-20T10:52:47.641665+00:00,base,WETH,0.7502
2026-06-20T10:52:47.641665+00:00,aptos,USDC,0.1139
2026-06-20T10:52:47.641665+00:00,aptos,APT,0.0
2026-06-20T10:54:27.296253+00:00,sui,WAL,0.0
2026-06-20T10:54:27.296253+00:00,sui,CETUS,0.4972
2026-06-20T10:54:27.296253+00:00,sui,USDSUI,0.2101
2026-06-20T10:54:27.296253+00:00,sui,SUIUSDT,0.0
2026-06-20T10:54:27.296253+00:00,sui,USDC,0.0646
2026-06-20T10:54:27.296253+00:00,sui,SUI,0.1943
2026-06-20T10:54:27.296253+00:00,solana,JITOSOL,0.2931
2026-06-20T10:54:27.296253+00:00,solana,GIGA,1.4444
2026-06-20T10:54:27.296253+00:00,solana,RENDER,0.578
2026-06-20T10:54:27.296253+00:00,solana,POPCAT,0.0932
2026-06-20T10:54:27.296253+00:00,solana,HYPE,0.3386
2026-06-20T10:54:27.296253+00:00,solana,ORE,0.075
2026-06-20T10:54:27.296253+00:00,solana,USELESS,0.0136
2026-06-20T10:54:27.296253+00:00,solana,JUP,0.9519
2026-06-20T10:54:27.296253+00:00,solana,PENGU,0.2372
2026-06-20T10:54:27.296253+00:00,solana,MET,0.3958
2026-06-20T10:54:27.296253+00:00,solana,TRUMP,0.0
2026-06-20T10:54:27.296253+00:00,solana,USDG,0.1337
2026-06-20T10:54:27.296253+00:00,solana,USDE,0.0
2026-06-20T10:54:27.296253+00:00,solana,WETH,0.326
2026-06-20T10:54:27.296253+00:00,solana,FO,0.0824
2026-06-20T10:54:27.296253+00:00,solana,USDC,0.01
2026-06-20T10:54:27.296253+00:00,solana,SOL,0.6167
2026-06-20T10:54:27.296253+00:00,base,CBETH,0.1221
2026-06-20T10:54:27.296253+00:00,base,AERO,0.6937
2026-06-20T10:54:27.296253+00:00,base,USDC,0.0019
2026-06-20T10:54:27.296253+00:00,base,USDT,0.0401
2026-06-20T10:54:27.296253+00:00,base,EURC,0.0
2026-06-20T10:54:27.296253+00:00,base,WEETH,0.048
2026-06-20T10:54:27.296253+00:00,base,WSTETH,0.2622
2026-06-20T10:54:27.296253+00:00,base,NOCK,0.0
2026-06-20T10:54:27.296253+00:00,base,FBOMB,0.6656
2026-06-20T10:54:27.296253+00:00,base,ETH,0.344
2026-06-20T10:54:27.296253+00:00,base,CBBTC,0.4885
2026-06-20T10:54:27.296253+00:00,base,VIRTUAL,0.3627
2026-06-20T10:54:27.296253+00:00,base,VVV,0.5398
2026-06-20T10:54:27.296253+00:00,base,BRETT,0.2732
2026-06-20T10:54:27.296253+00:00,base,BNKR,0.5766
2026-06-20T10:54:27.296253+00:00,base,MAMO,0.588
2026-06-20T10:54:27.296253+00:00,base,WETH,0.7421
2026-06-20T10:54:27.296253+00:00,aptos,USDC,0.1139
2026-06-20T10:54:27.296253+00:00,aptos,APT,0.0
2026-06-20T12:18:17.706180+00:00,sui,WAL,0.0
2026-06-20T12:18:17.706180+00:00,sui,CETUS,0.1653
2026-06-20T12:18:17.706180+00:00,sui,USDSUI,0.1236
2026-06-20T12:18:17.706180+00:00,sui,SUIUSDT,0.0
2026-06-20T12:18:17.706180+00:00,sui,USDC,0.1421
2026-06-20T12:18:17.706180+00:00,sui,SUI,0.0419
2026-06-20T12:18:17.706180+00:00,solana,JITOSOL,0.0976
2026-06-20T12:18:17.706180+00:00,solana,JTO,0.0
2026-06-20T12:18:17.706180+00:00,solana,USDG,0.0662
2026-06-20T12:18:17.706180+00:00,solana,USDE,0.02
2026-06-20T12:18:17.706180+00:00,solana,TRUMP,0.5525
2026-06-20T12:18:17.706180+00:00,solana,JUP,1.3072
2026-06-20T12:18:17.706180+00:00,solana,PENGU,0.208
2026-06-20T12:18:17.706180+00:00,solana,BONK,0.0662
2026-06-20T12:18:17.706180+00:00,solana,PUMP,0.4354
2026-06-20T12:18:17.706180+00:00,solana,USELESS,0.1581
2026-06-20T12:18:17.706180+00:00,solana,TRIPLET,0.3932
2026-06-20T12:18:17.706180+00:00,solana,MET,1.3643
2026-06-20T12:18:17.706180+00:00,solana,WETH,0.0613
2026-06-20T12:18:17.706180+00:00,solana,FO,0.2061
2026-06-20T12:18:17.706180+00:00,solana,USDC,0.018
2026-06-20T12:18:17.706180+00:00,solana,SOL,0.7124
2026-06-20T12:18:17.706180+00:00,base,CBETH,0.1988
2026-06-20T12:18:17.706180+00:00,base,AERO,0.6531
2026-06-20T12:18:17.706180+00:00,base,USDC,0.0013
2026-06-20T12:18:17.706180+00:00,base,USDT,0.0301
2026-06-20T12:18:17.706180+00:00,base,EURC,0.0
2026-06-20T12:18:17.706180+00:00,base,WEETH,0.0562
2026-06-20T12:18:17.706180+00:00,base,WSTETH,0.3846
2026-06-20T12:18:17.706180+00:00,base,NOCK,0.0
2026-06-20T12:18:17.706180+00:00,base,FBOMB,0.8333
2026-06-20T12:18:17.706180+00:00,base,ETH,0.3451
2026-06-20T12:18:17.706180+00:00,base,CBBTC,0.3664
2026-06-20T12:18:17.706180+00:00,base,VIRTUAL,0.3621
2026-06-20T12:18:17.706180+00:00,base,VVV,0.4096
2026-06-20T12:18:17.706180+00:00,base,WETH,0.9206
2026-06-20T12:18:17.706180+00:00,aptos,USDC,0.03
2026-06-20T12:18:17.706180+00:00,aptos,APT,0.0
2026-06-20T12:19:55.568104+00:00,sui,WAL,0.0
2026-06-20T12:19:55.568104+00:00,sui,CETUS,0.055
2026-06-20T12:19:55.568104+00:00,sui,USDSUI,0.1703
2026-06-20T12:19:55.568104+00:00,sui,SUIUSDT,0.0
2026-06-20T12:19:55.568104+00:00,sui,USDC,0.1722
2026-06-20T12:19:55.568104+00:00,sui,SUI,0.4606
2026-06-20T12:19:55.568104+00:00,solana,JITOSOL,0.1301
2026-06-20T12:19:55.568104+00:00,solana,JTO,0.0
2026-06-20T12:19:55.568104+00:00,solana,USDG,0.0488
2026-06-20T12:19:55.568104+00:00,solana,USDE,0.02
2026-06-20T12:19:55.568104+00:00,solana,TRUMP,0.0
2026-06-20T12:19:55.568104+00:00,solana,JUP,1.0532
2026-06-20T12:19:55.568104+00:00,solana,PENGU,0.208
2026-06-20T12:19:55.568104+00:00,solana,BONK,0.2208
2026-06-20T12:19:55.568104+00:00,solana,PUMP,0.4354
2026-06-20T12:19:55.568104+00:00,solana,USELESS,0.1844
2026-06-20T12:19:55.568104+00:00,solana,TRIPLET,0.7327
2026-06-20T12:19:55.568104+00:00,solana,MET,1.5007
2026-06-20T12:19:55.568104+00:00,solana,WETH,0.0079
2026-06-20T12:19:55.568104+00:00,solana,FO,0.1649
2026-06-20T12:19:55.568104+00:00,solana,USDC,0.018
2026-06-20T12:19:55.568104+00:00,solana,SOL,0.7403
2026-06-20T12:19:55.568104+00:00,base,CBETH,0.1988
2026-06-20T12:19:55.568104+00:00,base,AERO,0.5095
2026-06-20T12:19:55.568104+00:00,base,USDC,0.0013
2026-06-20T12:19:55.568104+00:00,base,USDT,0.1102
2026-06-20T12:19:55.568104+00:00,base,EURC,0.0
2026-06-20T12:19:55.568104+00:00,base,WEETH,0.0511
2026-06-20T12:19:55.568104+00:00,base,WSTETH,0.3959
2026-06-20T12:19:55.568104+00:00,base,NOCK,0.0
2026-06-20T12:19:55.568104+00:00,base,FBOMB,0.8333
2026-06-20T12:19:55.568104+00:00,base,ETH,0.3451
2026-06-20T12:19:55.568104+00:00,base,CBBTC,0.3664
2026-06-20T12:19:55.568104+00:00,base,VIRTUAL,0.4277
2026-06-20T12:19:55.568104+00:00,base,VVV,0.2727
2026-06-20T12:19:55.568104+00:00,base,WETH,0.9206
2026-06-20T12:19:55.568104+00:00,aptos,USDC,0.1039
2026-06-20T12:19:55.568104+00:00,aptos,APT,0.0
2026-06-20T12:21:33.842096+00:00,sui,WAL,0.058
2026-06-20T12:21:33.842096+00:00,sui,CETUS,0.055
2026-06-20T12:21:33.842096+00:00,sui,USDSUI,0.1621
2026-06-20T12:21:33.842096+00:00,sui,SUIUSDT,0.0
2026-06-20T12:21:33.842096+00:00,sui,USDC,0.112
2026-06-20T12:21:33.842096+00:00,sui,SUI,0.4606
2026-06-20T12:21:33.842096+00:00,solana,JITOSOL,0.0976
2026-06-20T12:21:33.842096+00:00,solana,JTO,0.0
2026-06-20T12:21:33.842096+00:00,solana,USDG,0.0938
2026-06-20T12:21:33.842096+00:00,solana,USDE,0.02
2026-06-20T12:21:33.842096+00:00,solana,TRUMP,0.0
2026-06-20T12:21:33.842096+00:00,solana,JUP,1.1039
2026-06-20T12:21:33.842096+00:00,solana,PENGU,0.208
2026-06-20T12:21:33.842096+00:00,solana,BONK,0.1104
2026-06-20T12:21:33.842096+00:00,solana,PUMP,1.1611
2026-06-20T12:21:33.842096+00:00,solana,USELESS,0.1844
2026-06-20T12:21:33.842096+00:00,solana,TRIPLET,1.1792
2026-06-20T12:21:33.842096+00:00,solana,MET,1.5689
2026-06-20T12:21:33.842096+00:00,solana,WETH,0.0079
2026-06-20T12:21:33.842096+00:00,solana,FO,0.1649
2026-06-20T12:21:33.842096+00:00,solana,USDC,0.018
2026-06-20T12:21:33.842096+00:00,solana,SOL,0.6984
2026-06-20T12:21:33.842096+00:00,base,CBETH,0.1988
2026-06-20T12:21:33.842096+00:00,base,AERO,0.4276
2026-06-20T12:21:33.842096+00:00,base,USDC,0.0013
2026-06-20T12:21:33.842096+00:00,base,USDT,0.0501
2026-06-20T12:21:33.842096+00:00,base,EURC,0.0
2026-06-20T12:21:33.842096+00:00,base,WEETH,0.0511
2026-06-20T12:21:33.842096+00:00,base,WSTETH,0.3959
2026-06-20T12:21:33.842096+00:00,base,NOCK,0.0
2026-06-20T12:21:33.842096+00:00,base,FBOMB,0.8333
2026-06-20T12:21:33.842096+00:00,base,ETH,0.3451
2026-06-20T12:21:33.842096+00:00,base,CBBTC,0.3664
2026-06-20T12:21:33.842096+00:00,base,VIRTUAL,0.3455
2026-06-20T12:21:33.842096+00:00,base,VVV,0.3411
2026-06-20T12:21:33.842096+00:00,base,WETH,0.9206
2026-06-20T12:21:33.842096+00:00,aptos,USDC,0.1039
2026-06-20T12:21:33.842096+00:00,aptos,APT,0.0
2026-06-20T12:23:11.396577+00:00,sui,WAL,0.0
2026-06-20T12:23:11.396577+00:00,sui,CETUS,0.055
2026-06-20T12:23:11.396577+00:00,sui,USDSUI,0.1621
2026-06-20T12:23:11.396577+00:00,sui,SUIUSDT,0.0
2026-06-20T12:23:11.396577+00:00,sui,USDC,0.102
2026-06-20T12:23:11.396577+00:00,sui,SUI,0.4606
2026-06-20T12:23:11.396577+00:00,solana,JITOSOL,0.141
2026-06-20T12:23:11.396577+00:00,solana,JTO,0.0
2026-06-20T12:23:11.396577+00:00,solana,USDG,0.1338
2026-06-20T12:23:11.396577+00:00,solana,USDE,0.02
2026-06-20T12:23:11.396577+00:00,solana,TRUMP,0.0
2026-06-20T12:23:11.396577+00:00,solana,JUP,1.1039
2026-06-20T12:23:11.396577+00:00,solana,PENGU,0.208
2026-06-20T12:23:11.396577+00:00,solana,BONK,0.0662
2026-06-20T12:23:11.396577+00:00,solana,PUMP,0.4354
2026-06-20T12:23:11.396577+00:00,solana,USELESS,0.1844
2026-06-20T12:23:11.396577+00:00,solana,TRIPLET,1.1792
2026-06-20T12:23:11.396577+00:00,solana,MET,1.5689
2026-06-20T12:23:11.396577+00:00,solana,WETH,0.0079
2026-06-20T12:23:11.396577+00:00,solana,FO,0.1649
2026-06-20T12:23:11.396577+00:00,solana,USDC,0.018
2026-06-20T12:23:11.396577+00:00,solana,SOL,0.6775
2026-06-20T12:23:11.396577+00:00,base,CBETH,0.0991
2026-06-20T12:23:11.396577+00:00,base,AERO,0.4276
2026-06-20T12:23:11.396577+00:00,base,USDC,0.0013
2026-06-20T12:23:11.396577+00:00,base,USDT,0.0301
2026-06-20T12:23:11.396577+00:00,base,EURC,0.0
2026-06-20T12:23:11.396577+00:00,base,WEETH,0.0432
2026-06-20T12:23:11.396577+00:00,base,WSTETH,0.3959
2026-06-20T12:23:11.396577+00:00,base,NOCK,0.0
2026-06-20T12:23:11.396577+00:00,base,FBOMB,0.8333
2026-06-20T12:23:11.396577+00:00,base,ETH,0.3451
2026-06-20T12:23:11.396577+00:00,base,CBBTC,0.3671
2026-06-20T12:23:11.396577+00:00,base,VIRTUAL,0.4278
2026-06-20T12:23:11.396577+00:00,base,VVV,0.3411
2026-06-20T12:23:11.396577+00:00,base,WETH,0.9206
2026-06-20T12:23:11.396577+00:00,aptos,USDC,0.1039
2026-06-20T12:23:11.396577+00:00,aptos,APT,0.0
2026-06-20T12:24:49.328776+00:00,sui,WAL,0.0
2026-06-20T12:24:49.328776+00:00,sui,CETUS,0.055
2026-06-20T12:24:49.328776+00:00,sui,USDSUI,0.1621
2026-06-20T12:24:49.328776+00:00,sui,SUIUSDT,0.0
2026-06-20T12:24:49.328776+00:00,sui,USDC,0.043
2026-06-20T12:24:49.328776+00:00,sui,SUI,0.4606
2026-06-20T12:24:49.328776+00:00,solana,JITOSOL,0.141
2026-06-20T12:24:49.328776+00:00,solana,JTO,0.0
2026-06-20T12:24:49.328776+00:00,solana,USDG,0.1338
2026-06-20T12:24:49.328776+00:00,solana,USDE,0.02
2026-06-20T12:24:49.328776+00:00,solana,TRUMP,0.0
2026-06-20T12:24:49.328776+00:00,solana,JUP,1.1039
2026-06-20T12:24:49.328776+00:00,solana,PENGU,0.208
2026-06-20T12:24:49.328776+00:00,solana,BONK,0.1104
2026-06-20T12:24:49.328776+00:00,solana,PUMP,0.5084
2026-06-20T12:24:49.328776+00:00,solana,USELESS,0.0659
2026-06-20T12:24:49.328776+00:00,solana,TRIPLET,0.8658
2026-06-20T12:24:49.328776+00:00,solana,MET,1.1596
2026-06-20T12:24:49.328776+00:00,solana,WETH,0.0079
2026-06-20T12:24:49.328776+00:00,solana,FO,0.2061
2026-06-20T12:24:49.328776+00:00,solana,USDC,0.015
2026-06-20T12:24:49.328776+00:00,solana,SOL,0.7403
2026-06-20T12:24:49.328776+00:00,base,CBETH,0.0991
2026-06-20T12:24:49.328776+00:00,base,AERO,0.4276
2026-06-20T12:24:49.328776+00:00,base,USDC,0.0013
2026-06-20T12:24:49.328776+00:00,base,USDT,0.0701
2026-06-20T12:24:49.328776+00:00,base,EURC,0.0
2026-06-20T12:24:49.328776+00:00,base,WEETH,0.066
2026-06-20T12:24:49.328776+00:00,base,WSTETH,0.3959
2026-06-20T12:24:49.328776+00:00,base,NOCK,0.0
2026-06-20T12:24:49.328776+00:00,base,FBOMB,0.8333
2026-06-20T12:24:49.328776+00:00,base,ETH,0.3451
2026-06-20T12:24:49.328776+00:00,base,CBBTC,0.3676
2026-06-20T12:24:49.328776+00:00,base,VIRTUAL,0.362
2026-06-20T12:24:49.328776+00:00,base,VVV,0.3411
2026-06-20T12:24:49.328776+00:00,base,WETH,0.9206
2026-06-20T12:24:49.328776+00:00,aptos,USDC,0.1039
2026-06-20T12:24:49.328776+00:00,aptos,APT,0.0
2026-06-20T12:26:26.696008+00:00,sui,WAL,0.0
2026-06-20T12:26:26.696008+00:00,sui,CETUS,0.055
2026-06-20T12:26:26.696008+00:00,sui,USDSUI,0.1621
2026-06-20T12:26:26.696008+00:00,sui,SUIUSDT,0.0
2026-06-20T12:26:26.696008+00:00,sui,USDC,0.043
2026-06-20T12:26:26.696008+00:00,sui,SUI,0.1117
2026-06-20T12:26:26.696008+00:00,solana,JITOSOL,0.1627
2026-06-20T12:26:26.696008+00:00,solana,JTO,0.0138
2026-06-20T12:26:26.696008+00:00,solana,USDG,0.1338
2026-06-20T12:26:26.696008+00:00,solana,USDE,0.02
2026-06-20T12:26:26.696008+00:00,solana,TRUMP,0.0
2026-06-20T12:26:26.696008+00:00,solana,JUP,1.1039
2026-06-20T12:26:26.696008+00:00,solana,PENGU,0.208
2026-06-20T12:26:26.696008+00:00,solana,BONK,0.0442
2026-06-20T12:26:26.696008+00:00,solana,PUMP,0.5084
2026-06-20T12:26:26.696008+00:00,solana,USELESS,0.0659
2026-06-20T12:26:26.696008+00:00,solana,TRIPLET,0.2619
2026-06-20T12:26:26.696008+00:00,solana,MET,1.5007
2026-06-20T12:26:26.696008+00:00,solana,WETH,0.0202
2026-06-20T12:26:26.696008+00:00,solana,FO,0.1649
2026-06-20T12:26:26.696008+00:00,solana,USDC,0.015
2026-06-20T12:26:26.696008+00:00,solana,SOL,0.6775
2026-06-20T12:26:26.696008+00:00,base,CBETH,0.1272
2026-06-20T12:26:26.696008+00:00,base,AERO,0.4276
2026-06-20T12:26:26.696008+00:00,base,USDC,0.0013
2026-06-20T12:26:26.696008+00:00,base,USDT,0.1102
2026-06-20T12:26:26.696008+00:00,base,EURC,0.0
2026-06-20T12:26:26.696008+00:00,base,WEETH,0.066
2026-06-20T12:26:26.696008+00:00,base,WSTETH,0.3959
2026-06-20T12:26:26.696008+00:00,base,NOCK,0.0
2026-06-20T12:26:26.696008+00:00,base,FBOMB,0.8333
2026-06-20T12:26:26.696008+00:00,base,ETH,0.3451
2026-06-20T12:26:26.696008+00:00,base,CBBTC,0.368
2026-06-20T12:26:26.696008+00:00,base,VIRTUAL,0.2959
2026-06-20T12:26:26.696008+00:00,base,VVV,0.3411
2026-06-20T12:26:26.696008+00:00,base,WETH,0.9206
2026-06-20T12:26:26.696008+00:00,aptos,USDC,0.1039
2026-06-20T12:26:26.696008+00:00,aptos,APT,0.0
2026-06-20T12:28:04.576163+00:00,sui,WAL,0.0
2026-06-20T12:28:04.576163+00:00,sui,CETUS,0.2205
2026-06-20T12:28:04.576163+00:00,sui,USDSUI,0.1621
2026-06-20T12:28:04.576163+00:00,sui,SUIUSDT,0.0
2026-06-20T12:28:04.576163+00:00,sui,USDC,0.082
2026-06-20T12:28:04.576163+00:00,sui,SUI,0.1117
2026-06-20T12:28:04.576163+00:00,solana,JITOSOL,0.1736
2026-06-20T12:28:04.576163+00:00,solana,JTO,0.0
2026-06-20T12:28:04.576163+00:00,solana,USDG,0.0038
2026-06-20T12:28:04.576163+00:00,solana,USDE,0.02
2026-06-20T12:28:04.576163+00:00,solana,TRUMP,0.0
2026-06-20T12:28:04.576163+00:00,solana,JUP,1.3072
2026-06-20T12:28:04.576163+00:00,solana,PENGU,0.208
2026-06-20T12:28:04.576163+00:00,solana,BONK,0.1325
2026-06-20T12:28:04.576163+00:00,solana,PUMP,0.5084
2026-06-20T12:28:04.576163+00:00,solana,USELESS,0.1584
2026-06-20T12:28:04.576163+00:00,solana,TRIPLET,1.0179
2026-06-20T12:28:04.576163+00:00,solana,MET,1.1596
2026-06-20T12:28:04.576163+00:00,solana,WETH,0.0289
2026-06-20T12:28:04.576163+00:00,solana,FO,0.1649
2026-06-20T12:28:04.576163+00:00,solana,USDC,0.015
2026-06-20T12:28:04.576163+00:00,solana,SOL,0.6775
2026-06-20T12:28:04.576163+00:00,base,CBETH,0.1272
2026-06-20T12:28:04.576163+00:00,base,AERO,0.4276
2026-06-20T12:28:04.576163+00:00,base,USDC,0.0013
2026-06-20T12:28:04.576163+00:00,base,USDT,0.0902
2026-06-20T12:28:04.576163+00:00,base,EURC,0.0
2026-06-20T12:28:04.576163+00:00,base,WEETH,0.066
2026-06-20T12:28:04.576163+00:00,base,WSTETH,0.371
2026-06-20T12:28:04.576163+00:00,base,NOCK,0.0
2026-06-20T12:28:04.576163+00:00,base,FBOMB,0.8333
2026-06-20T12:28:04.576163+00:00,base,ETH,0.3451
2026-06-20T12:28:04.576163+00:00,base,CBBTC,0.368
2026-06-20T12:28:04.576163+00:00,base,VIRTUAL,0.3781
2026-06-20T12:28:04.576163+00:00,base,VVV,0.3411
2026-06-20T12:28:04.576163+00:00,base,WETH,0.9206
2026-06-20T12:28:04.576163+00:00,aptos,USDC,0.1039
2026-06-20T12:28:04.576163+00:00,aptos,APT,0.0
2026-06-20T12:29:42.053778+00:00,sui,WAL,0.0
2026-06-20T12:29:42.053778+00:00,sui,CETUS,0.2205
2026-06-20T12:29:42.053778+00:00,sui,USDSUI,0.142
2026-06-20T12:29:42.053778+00:00,sui,SUIUSDT,0.0
2026-06-20T12:29:42.053778+00:00,sui,USDC,0.1621
2026-06-20T12:29:42.053778+00:00,sui,SUI,0.1117
2026-06-20T12:29:42.053778+00:00,solana,JITOSOL,0.1736
2026-06-20T12:29:42.053778+00:00,solana,JTO,0.0
2026-06-20T12:29:42.053778+00:00,solana,USDG,0.0038
2026-06-20T12:29:42.053778+00:00,solana,USDE,0.02
2026-06-20T12:29:42.053778+00:00,solana,TRUMP,0.0
2026-06-20T12:29:42.053778+00:00,solana,JUP,1.3072
2026-06-20T12:29:42.053778+00:00,solana,PENGU,0.208
2026-06-20T12:29:42.053778+00:00,solana,BONK,0.1325
2026-06-20T12:29:42.053778+00:00,solana,PUMP,0.5084
2026-06-20T12:29:42.053778+00:00,solana,USELESS,0.2511
2026-06-20T12:29:42.053778+00:00,solana,TRIPLET,1.1896
2026-06-20T12:29:42.053778+00:00,solana,MET,1.3643
2026-06-20T12:29:42.053778+00:00,solana,WETH,0.0289
2026-06-20T12:29:42.053778+00:00,solana,FO,0.1649
2026-06-20T12:29:42.053778+00:00,solana,USDC,0.015
2026-06-20T12:29:42.053778+00:00,solana,SOL,0.697
2026-06-20T12:29:42.053778+00:00,base,CBETH,0.1272
2026-06-20T12:29:42.053778+00:00,base,AERO,0.4276
2026-06-20T12:29:42.053778+00:00,base,USDC,0.0013
2026-06-20T12:29:42.053778+00:00,base,USDT,0.0802
2026-06-20T12:29:42.053778+00:00,base,EURC,0.0
2026-06-20T12:29:42.053778+00:00,base,WEETH,0.066
2026-06-20T12:29:42.053778+00:00,base,WSTETH,0.371
2026-06-20T12:29:42.053778+00:00,base,NOCK,0.0
2026-06-20T12:29:42.053778+00:00,base,FBOMB,0.8333
2026-06-20T12:29:42.053778+00:00,base,ETH,0.3451
2026-06-20T12:29:42.053778+00:00,base,CBBTC,0.3416
2026-06-20T12:29:42.053778+00:00,base,VIRTUAL,0.3288
2026-06-20T12:29:42.053778+00:00,base,VVV,0.3411
2026-06-20T12:29:42.053778+00:00,base,WETH,0.9206
2026-06-20T12:29:42.053778+00:00,aptos,USDC,0.1039
2026-06-20T12:29:42.053778+00:00,aptos,APT,0.0
2026-06-20T14:37:30.137378+00:00,sui,WAL,0.0
2026-06-20T14:37:30.137378+00:00,sui,CETUS,0.1119
2026-06-20T14:37:30.137378+00:00,sui,USDSUI,0.2508
2026-06-20T14:37:30.137378+00:00,sui,SUIUSDT,0.0
2026-06-20T14:37:30.137378+00:00,sui,USDC,0.3128
2026-06-20T14:37:30.137378+00:00,sui,SUI,0.0142
2026-06-20T14:37:30.137378+00:00,solana,JITOSOL,0.7615
2026-06-20T14:37:30.137378+00:00,solana,USDG,0.057
2026-06-20T14:37:30.137378+00:00,solana,USDE,1.0108
2026-06-20T14:37:30.137378+00:00,solana,TRUMP,0.0
2026-06-20T14:37:30.137378+00:00,solana,JUP,0.8517
2026-06-20T14:37:30.137378+00:00,solana,USELESS,0.12
2026-06-20T14:37:30.137378+00:00,solana,FARTCOIN ,0.2496
2026-06-20T14:37:30.137378+00:00,solana,PUMP,0.2219
2026-06-20T14:37:30.137378+00:00,solana,PENGU,0.0453
2026-06-20T14:37:30.137378+00:00,solana,TRIPLET,0.5739
2026-06-20T14:37:30.137378+00:00,solana,MET,0.538
2026-06-20T14:37:30.137378+00:00,solana,WETH,0.2784
2026-06-20T14:37:30.137378+00:00,solana,FO,0.084
2026-06-20T14:37:30.137378+00:00,solana,USDC,0.006
2026-06-20T14:37:30.137378+00:00,solana,SOL,0.3675
2026-06-20T14:37:30.137378+00:00,base,CBETH,0.9964
2026-06-20T14:37:30.137378+00:00,base,AERO,0.9218
2026-06-20T14:37:30.137378+00:00,base,USDC,0.0013
2026-06-20T14:37:30.137378+00:00,base,USDT,0.0601
2026-06-20T14:37:30.137378+00:00,base,EURC,0.0
2026-06-20T14:37:30.137378+00:00,base,WEETH,0.6125
2026-06-20T14:37:30.137378+00:00,base,WSTETH,0.7681
2026-06-20T14:37:30.137378+00:00,base,NOCK,0.0
2026-06-20T14:37:30.137378+00:00,base,FBOMB,0.9174
2026-06-20T14:37:30.137378+00:00,base,ETH,0.1443
2026-06-20T14:37:30.137378+00:00,base,CBBTC,0.8629
2026-06-20T14:37:30.137378+00:00,base,VIRTUAL,0.6357
2026-06-20T14:37:30.137378+00:00,base,VVV,0.2772
2026-06-20T14:37:30.137378+00:00,base,WETH,0.1952
2026-06-20T14:37:30.137378+00:00,aptos,USDC,0.065
2026-06-20T14:37:30.137378+00:00,aptos,APT,0.0
2026-06-20T14:39:10.884576+00:00,sui,WAL,0.0
2026-06-20T14:39:10.884576+00:00,sui,CETUS,0.0559
2026-06-20T14:39:10.884576+00:00,sui,USDSUI,0.2508
2026-06-20T14:39:10.884576+00:00,sui,SUIUSDT,0.0
2026-06-20T14:39:10.884576+00:00,sui,USDC,0.3128
2026-06-20T14:39:10.884576+00:00,sui,SUI,0.0142
2026-06-20T14:39:10.884576+00:00,solana,JITOSOL,0.6511
2026-06-20T14:39:10.884576+00:00,solana,USDG,0.1573
2026-06-20T14:39:10.884576+00:00,solana,USDE,1.0108
2026-06-20T14:39:10.884576+00:00,solana,TRUMP,0.0
2026-06-20T14:39:10.884576+00:00,solana,JUP,0.9519
2026-06-20T14:39:10.884576+00:00,solana,USELESS,0.1333
2026-06-20T14:39:10.884576+00:00,solana,FARTCOIN ,0.2496
2026-06-20T14:39:10.884576+00:00,solana,PUMP,0.4438
2026-06-20T14:39:10.884576+00:00,solana,PENGU,0.0453
2026-06-20T14:39:10.884576+00:00,solana,TRIPLET,0.1581
2026-06-20T14:39:10.884576+00:00,solana,MET,0.9383
2026-06-20T14:39:10.884576+00:00,solana,WETH,0.4339
2026-06-20T14:39:10.884576+00:00,solana,FO,0.084
2026-06-20T14:39:10.884576+00:00,solana,USDC,0.006
2026-06-20T14:39:10.884576+00:00,solana,SOL,0.5371
2026-06-20T14:39:10.884576+00:00,base,CBETH,0.9964
2026-06-20T14:39:10.884576+00:00,base,AERO,0.8398
2026-06-20T14:39:10.884576+00:00,base,USDC,0.0013
2026-06-20T14:39:10.884576+00:00,base,USDT,0.0301
2026-06-20T14:39:10.884576+00:00,base,EURC,0.0
2026-06-20T14:39:10.884576+00:00,base,WEETH,0.6125
2026-06-20T14:39:10.884576+00:00,base,WSTETH,0.7681
2026-06-20T14:39:10.884576+00:00,base,NOCK,0.0
2026-06-20T14:39:10.884576+00:00,base,FBOMB,0.9174
2026-06-20T14:39:10.884576+00:00,base,ETH,0.1267
2026-06-20T14:39:10.884576+00:00,base,CBBTC,0.8629
2026-06-20T14:39:10.884576+00:00,base,VIRTUAL,0.6188
2026-06-20T14:39:10.884576+00:00,base,VVV,0.2078
2026-06-20T14:39:10.884576+00:00,base,WETH,0.1806
2026-06-20T14:39:10.884576+00:00,aptos,USDC,0.065
2026-06-20T14:39:10.884576+00:00,aptos,APT,0.0
2026-06-20T14:40:51.546340+00:00,sui,WAL,0.0
2026-06-20T14:40:51.546340+00:00,sui,CETUS,0.0559
2026-06-20T14:40:51.546340+00:00,sui,USDSUI,0.2508
2026-06-20T14:40:51.546340+00:00,sui,SUIUSDT,0.0
2026-06-20T14:40:51.546340+00:00,sui,USDC,0.2826
2026-06-20T14:40:51.546340+00:00,sui,SUI,0.0142
2026-06-20T14:40:51.546340+00:00,solana,JITOSOL,0.5849
2026-06-20T14:40:51.546340+00:00,solana,USDG,0.1173
2026-06-20T14:40:51.546340+00:00,solana,USDE,1.0108
2026-06-20T14:40:51.546340+00:00,solana,TRUMP,0.0
2026-06-20T14:40:51.546340+00:00,solana,JUP,0.448
2026-06-20T14:40:51.546340+00:00,solana,USELESS,0.1332
2026-06-20T14:40:51.546340+00:00,solana,FARTCOIN ,0.3333
2026-06-20T14:40:51.546340+00:00,solana,PUMP,0.4438
2026-06-20T14:40:51.546340+00:00,solana,PENGU,0.0453
2026-06-20T14:40:51.546340+00:00,solana,TRIPLET,0.0988
2026-06-20T14:40:51.546340+00:00,solana,MET,0.8043
2026-06-20T14:40:51.546340+00:00,solana,WETH,0.3772
2026-06-20T14:40:51.546340+00:00,solana,FO,0.042
2026-06-20T14:40:51.546340+00:00,solana,USDC,0.006
2026-06-20T14:40:51.546340+00:00,solana,SOL,0.5665
2026-06-20T14:40:51.546340+00:00,base,CBETH,0.9693
2026-06-20T14:40:51.546340+00:00,base,AERO,0.9219
2026-06-20T14:40:51.546340+00:00,base,USDC,0.0013
2026-06-20T14:40:51.546340+00:00,base,USDT,0.0501
2026-06-20T14:40:51.546340+00:00,base,EURC,0.0
2026-06-20T14:40:51.546340+00:00,base,WEETH,0.6125
2026-06-20T14:40:51.546340+00:00,base,WSTETH,0.7681
2026-06-20T14:40:51.546340+00:00,base,NOCK,0.0
2026-06-20T14:40:51.546340+00:00,base,FBOMB,0.9174
2026-06-20T14:40:51.546340+00:00,base,ETH,0.1267
2026-06-20T14:40:51.546340+00:00,base,CBBTC,0.8629
2026-06-20T14:40:51.546340+00:00,base,VIRTUAL,0.7536
2026-06-20T14:40:51.546340+00:00,base,VVV,0.2078
2026-06-20T14:40:51.546340+00:00,base,WETH,0.1806
2026-06-20T14:40:51.546340+00:00,aptos,USDC,0.065
2026-06-20T14:40:51.546340+00:00,aptos,APT,0.0
2026-06-20T14:42:31.459059+00:00,sui,WAL,0.0
2026-06-20T14:42:31.459059+00:00,sui,CETUS,0.0559
2026-06-20T14:42:31.459059+00:00,sui,USDSUI,0.2508
2026-06-20T14:42:31.459059+00:00,sui,SUIUSDT,0.0
2026-06-20T14:42:31.459059+00:00,sui,USDC,0.2525
2026-06-20T14:42:31.459059+00:00,sui,SUI,0.0142
2026-06-20T14:42:31.459059+00:00,solana,JITOSOL,0.596
2026-06-20T14:42:31.459059+00:00,solana,USDG,0.0523
2026-06-20T14:42:31.459059+00:00,solana,USDE,1.0108
2026-06-20T14:42:31.459059+00:00,solana,TRUMP,0.0
2026-06-20T14:42:31.459059+00:00,solana,JUP,0.2987
2026-06-20T14:42:31.459059+00:00,solana,USELESS,0.1063
2026-06-20T14:42:31.459059+00:00,solana,FARTCOIN ,0.3333
2026-06-20T14:42:31.459059+00:00,solana,PUMP,0.4438
2026-06-20T14:42:31.459059+00:00,solana,PENGU,0.0453
2026-06-20T14:42:31.459059+00:00,solana,TRIPLET,0.0395
2026-06-20T14:42:31.459059+00:00,solana,MET,0.8043
2026-06-20T14:42:31.459059+00:00,solana,WETH,0.3594
2026-06-20T14:42:31.459059+00:00,solana,FO,0.042
2026-06-20T14:42:31.459059+00:00,solana,USDC,0.018
2026-06-20T14:42:31.459059+00:00,solana,SOL,0.489
2026-06-20T14:42:31.459059+00:00,base,CBETH,0.8048
2026-06-20T14:42:31.459059+00:00,base,AERO,0.8808
2026-06-20T14:42:31.459059+00:00,base,USDC,0.0013
2026-06-20T14:42:31.459059+00:00,base,USDT,0.0501
2026-06-20T14:42:31.459059+00:00,base,EURC,0.0
2026-06-20T14:42:31.459059+00:00,base,WEETH,0.6125
2026-06-20T14:42:31.459059+00:00,base,WSTETH,0.7681
2026-06-20T14:42:31.459059+00:00,base,NOCK,0.0
2026-06-20T14:42:31.459059+00:00,base,FBOMB,0.9174
2026-06-20T14:42:31.459059+00:00,base,ETH,0.1267
2026-06-20T14:42:31.459059+00:00,base,CBBTC,0.9092
2026-06-20T14:42:31.459059+00:00,base,VIRTUAL,0.7368
2026-06-20T14:42:31.459059+00:00,base,VVV,0.2078
2026-06-20T14:42:31.459059+00:00,base,WETH,0.1397
2026-06-20T14:42:31.459059+00:00,aptos,USDC,0.065
2026-06-20T14:42:31.459059+00:00,aptos,APT,0.0
2026-06-20T14:44:12.281880+00:00,sui,WAL,0.0
2026-06-20T14:44:12.281880+00:00,sui,CETUS,0.0559
2026-06-20T14:44:12.281880+00:00,sui,USDSUI,0.2508
2026-06-20T14:44:12.281880+00:00,sui,SUIUSDT,0.0
2026-06-20T14:44:12.281880+00:00,sui,USDC,0.1621
2026-06-20T14:44:12.281880+00:00,sui,SUI,0.0142
2026-06-20T14:44:12.281880+00:00,solana,JITOSOL,0.5849
2026-06-20T14:44:12.281880+00:00,solana,USDG,0.0923
2026-06-20T14:44:12.281880+00:00,solana,USDE,1.0108
2026-06-20T14:44:12.281880+00:00,solana,TRUMP,0.0
2026-06-20T14:44:12.281880+00:00,solana,JUP,0.3486
2026-06-20T14:44:12.281880+00:00,solana,USELESS,0.1728
2026-06-20T14:44:12.281880+00:00,solana,FARTCOIN ,0.2506
2026-06-20T14:44:12.281880+00:00,solana,PUMP,0.2219
2026-06-20T14:44:12.281880+00:00,solana,PENGU,0.0453
2026-06-20T14:44:12.281880+00:00,solana,TRIPLET,0.0395
2026-06-20T14:44:12.281880+00:00,solana,MET,0.8043
2026-06-20T14:44:12.281880+00:00,solana,WETH,0.3474
2026-06-20T14:44:12.281880+00:00,solana,FO,0.042
2026-06-20T14:44:12.281880+00:00,solana,USDC,0.02
2026-06-20T14:44:12.281880+00:00,solana,SOL,2.2046
2026-06-20T14:44:12.281880+00:00,base,CBETH,0.8048
2026-06-20T14:44:12.281880+00:00,base,AERO,0.8603
2026-06-20T14:44:12.281880+00:00,base,USDC,0.0013
2026-06-20T14:44:12.281880+00:00,base,USDT,0.0701
2026-06-20T14:44:12.281880+00:00,base,EURC,0.0
2026-06-20T14:44:12.281880+00:00,base,WEETH,0.6125
2026-06-20T14:44:12.281880+00:00,base,WSTETH,0.7681
2026-06-20T14:44:12.281880+00:00,base,NOCK,0.0
2026-06-20T14:44:12.281880+00:00,base,FBOMB,0.9174
2026-06-20T14:44:12.281880+00:00,base,ETH,0.1267
2026-06-20T14:44:12.281880+00:00,base,CBBTC,0.9097
2026-06-20T14:44:12.281880+00:00,base,VIRTUAL,0.7368
2026-06-20T14:44:12.281880+00:00,base,VVV,0.2772
2026-06-20T14:44:12.281880+00:00,base,WETH,0.1187
2026-06-20T14:44:12.281880+00:00,aptos,USDC,0.065
2026-06-20T14:44:12.281880+00:00,aptos,APT,0.0
2026-06-20T14:45:52.411847+00:00,sui,WAL,0.0
2026-06-20T14:45:52.411847+00:00,sui,CETUS,0.0559
2026-06-20T14:45:52.411847+00:00,sui,USDSUI,0.3413
2026-06-20T14:45:52.411847+00:00,sui,SUIUSDT,0.0
2026-06-20T14:45:52.411847+00:00,sui,USDC,0.4033
2026-06-20T14:45:52.411847+00:00,sui,SUI,0.0567
2026-06-20T14:45:52.411847+00:00,solana,JITOSOL,0.9933
2026-06-20T14:45:52.411847+00:00,solana,USDG,0.1529
2026-06-20T14:45:52.411847+00:00,solana,USDE,1.0108
2026-06-20T14:45:52.411847+00:00,solana,TRUMP,0.0
2026-06-20T14:45:52.411847+00:00,solana,JUP,1.1
2026-06-20T14:45:52.411847+00:00,solana,USELESS,0.3876
2026-06-20T14:45:52.411847+00:00,solana,FARTCOIN ,0.2506
2026-06-20T14:45:52.411847+00:00,solana,PUMP,0.4438
2026-06-20T14:45:52.411847+00:00,solana,PENGU,0.3018
2026-06-20T14:45:52.411847+00:00,solana,TRIPLET,0.7501
2026-06-20T14:45:52.411847+00:00,solana,MET,1.1379
2026-06-20T14:45:52.411847+00:00,solana,WETH,0.3474
2026-06-20T14:45:52.411847+00:00,solana,FO,0.084
2026-06-20T14:45:52.411847+00:00,solana,USDC,0.02
2026-06-20T14:45:52.411847+00:00,solana,SOL,0.4375
2026-06-20T14:45:52.411847+00:00,base,CBETH,0.7431
2026-06-20T14:45:52.411847+00:00,base,AERO,1.3522
2026-06-20T14:45:52.411847+00:00,base,USDC,0.0013
2026-06-20T14:45:52.411847+00:00,base,USDT,0.0702
2026-06-20T14:45:52.411847+00:00,base,EURC,0.0
2026-06-20T14:45:52.411847+00:00,base,WEETH,0.5277
2026-06-20T14:45:52.411847+00:00,base,WSTETH,0.7681
2026-06-20T14:45:52.411847+00:00,base,NOCK,0.0
2026-06-20T14:45:52.411847+00:00,base,FBOMB,0.9174
2026-06-20T14:45:52.411847+00:00,base,ETH,0.2509
2026-06-20T14:45:52.411847+00:00,base,CBBTC,1.1804
2026-06-20T14:45:52.411847+00:00,base,VIRTUAL,0.7518
2026-06-20T14:45:52.411847+00:00,base,VVV,0.2772
2026-06-20T14:45:52.411847+00:00,base,WETH,0.3609
2026-06-20T14:45:52.411847+00:00,aptos,USDC,0.065
2026-06-20T14:45:52.411847+00:00,aptos,APT,0.0
2026-06-20T14:47:32.341502+00:00,sui,WAL,0.0
2026-06-20T14:47:32.341502+00:00,sui,CETUS,0.2781
2026-06-20T14:47:32.341502+00:00,sui,USDSUI,0.1905
2026-06-20T14:47:32.341502+00:00,sui,SUIUSDT,0.0
2026-06-20T14:47:32.341502+00:00,sui,USDC,0.2605
2026-06-20T14:47:32.341502+00:00,sui,SUI,0.9048
2026-06-20T14:47:32.341502+00:00,solana,JITOSOL,0.5004
2026-06-20T14:47:32.341502+00:00,solana,USDG,0.1532
2026-06-20T14:47:32.341502+00:00,solana,USDE,1.0108
2026-06-20T14:47:32.341502+00:00,solana,TRUMP,0.0
2026-06-20T14:47:32.341502+00:00,solana,JUP,0.4914
2026-06-20T14:47:32.341502+00:00,solana,USELESS,0.0131
2026-06-20T14:47:32.341502+00:00,solana,FARTCOIN ,0.326
2026-06-20T14:47:32.341502+00:00,solana,PUMP,0.656
2026-06-20T14:47:32.341502+00:00,solana,PENGU,0.5353
2026-06-20T14:47:32.341502+00:00,solana,TRIPLET,1.3225
2026-06-20T14:47:32.341502+00:00,solana,MET,0.9321
2026-06-20T14:47:32.341502+00:00,solana,WETH,0.7708
2026-06-20T14:47:32.341502+00:00,solana,FO,0.042
2026-06-20T14:47:32.341502+00:00,solana,USDC,0.014
2026-06-20T14:47:32.341502+00:00,solana,SOL,0.7544
2026-06-20T14:47:32.341502+00:00,base,CBETH,0.7069
2026-06-20T14:47:32.341502+00:00,base,AERO,2.0629
2026-06-20T14:47:32.341502+00:00,base,USDC,0.0023
2026-06-20T14:47:32.341502+00:00,base,USDT,0.615
2026-06-20T14:47:32.341502+00:00,base,EURC,0.0
2026-06-20T14:47:32.341502+00:00,base,WEETH,0.0162
2026-06-20T14:47:32.341502+00:00,base,WSTETH,1.1146
2026-06-20T14:47:32.341502+00:00,base,NOCK,0.0
2026-06-20T14:47:32.341502+00:00,base,FBOMB,0.9174
2026-06-20T14:47:32.341502+00:00,base,ETH,2.1721
2026-06-20T14:47:32.341502+00:00,base,CBBTC,0.8269
2026-06-20T14:47:32.341502+00:00,base,VIRTUAL,0.7959
2026-06-20T14:47:32.341502+00:00,base,VVV,1.2448
2026-06-20T14:47:32.341502+00:00,base,WETH,0.7503
2026-06-20T14:47:32.341502+00:00,aptos,USDC,0.03
2026-06-20T14:47:32.341502+00:00,aptos,APT,0.0
2026-06-20T14:49:12.856977+00:00,sui,WAL,0.0283
2026-06-20T14:49:12.856977+00:00,sui,CETUS,0.2761
2026-06-20T14:49:12.856977+00:00,sui,USDSUI,0.0701
2026-06-20T14:49:12.856977+00:00,sui,SUIUSDT,0.0
2026-06-20T14:49:12.856977+00:00,sui,USDC,0.4308
2026-06-20T14:49:12.856977+00:00,sui,SUI,0.1822
2026-06-20T14:49:12.856977+00:00,solana,JITOSOL,0.2061
2026-06-20T14:49:12.856977+00:00,solana,USDG,0.011
2026-06-20T14:49:12.856977+00:00,solana,USDE,0.02
2026-06-20T14:49:12.856977+00:00,solana,TRUMP,0.0
2026-06-20T14:49:12.856977+00:00,solana,JUP,0.4924
2026-06-20T14:49:12.856977+00:00,solana,USELESS,0.0782
2026-06-20T14:49:12.856977+00:00,solana,FARTCOIN ,0.2449
2026-06-20T14:49:12.856977+00:00,solana,PENGU,0.5353
2026-06-20T14:49:12.856977+00:00,solana,TRIPLET,1.5989
2026-06-20T14:49:12.856977+00:00,solana,MET,0.7324
2026-06-20T14:49:12.856977+00:00,solana,WETH,0.0207
2026-06-20T14:49:12.856977+00:00,solana,FO,0.042
2026-06-20T14:49:12.856977+00:00,solana,USDC,0.027
2026-06-20T14:49:12.856977+00:00,solana,SOL,0.6301
2026-06-20T14:49:12.856977+00:00,base,CBETH,0.7006
2026-06-20T14:49:12.856977+00:00,base,AERO,1.0714
2026-06-20T14:49:12.856977+00:00,base,USDC,0.0023
2026-06-20T14:49:12.856977+00:00,base,USDT,0.01
2026-06-20T14:49:12.856977+00:00,base,EURC,0.0
2026-06-20T14:49:12.856977+00:00,base,WEETH,0.0162
2026-06-20T14:49:12.856977+00:00,base,WSTETH,1.4152
2026-06-20T14:49:12.856977+00:00,base,NOCK,0.0
2026-06-20T14:49:12.856977+00:00,base,FBOMB,1.1676
2026-06-20T14:49:12.856977+00:00,base,ETH,1.7437
2026-06-20T14:49:12.856977+00:00,base,CBBTC,0.8617
2026-06-20T14:49:12.856977+00:00,base,VIRTUAL,0.7461
2026-06-20T14:49:12.856977+00:00,base,VVV,1.2448
2026-06-20T14:49:12.856977+00:00,base,WETH,0.7347
2026-06-20T14:49:12.856977+00:00,aptos,USDC,0.1029
2026-06-20T14:49:12.856977+00:00,aptos,APT,0.0
2026-06-20T16:04:57.878498+00:00,sui,WAL,0.0
2026-06-20T16:04:57.878498+00:00,sui,CETUS,0.11
2026-06-20T16:04:57.878498+00:00,sui,USDSUI,0.2602
2026-06-20T16:04:57.878498+00:00,sui,SUIUSDT,0.0
2026-06-20T16:04:57.878498+00:00,sui,USDC,0.202
2026-06-20T16:04:57.878498+00:00,sui,SUI,0.0283
2026-06-20T16:04:57.878498+00:00,solana,JITOSOL,0.5436
2026-06-20T16:04:57.878498+00:00,solana,JTO,0.9169
2026-06-20T16:04:57.878498+00:00,solana,USDG,0.0439
2026-06-20T16:04:57.878498+00:00,solana,USDE,0.1902
2026-06-20T16:04:57.878498+00:00,solana,TRUMP,0.0
2026-06-20T16:04:57.878498+00:00,solana,JUP,0.488
2026-06-20T16:04:57.878498+00:00,solana,PENGU,0.6108
2026-06-20T16:04:57.878498+00:00,solana,BONK,0.1317
2026-06-20T16:04:57.878498+00:00,solana,USELESS,0.0388
2026-06-20T16:04:57.878498+00:00,solana,TRIPLET,0.3368
2026-06-20T16:04:57.878498+00:00,solana,BUTTCOIN,3.1886
2026-06-20T16:04:57.878498+00:00,solana,MET,0.5319
2026-06-20T16:04:57.878498+00:00,solana,WETH,0.2716
2026-06-20T16:04:57.878498+00:00,solana,FO,0.252
2026-06-20T16:04:57.878498+00:00,solana,USDC,0.018
2026-06-20T16:04:57.878498+00:00,solana,SOL,0.4471
2026-06-20T16:04:57.878498+00:00,base,CBETH,0.7345
2026-06-20T16:04:57.878498+00:00,base,AERO,0.5714
2026-06-20T16:04:57.878498+00:00,base,USDC,0.0016
2026-06-20T16:04:57.878498+00:00,base,USDT,0.0701
2026-06-20T16:04:57.878498+00:00,base,EURC,0.0
2026-06-20T16:04:57.878498+00:00,base,WEETH,0.0718
2026-06-20T16:04:57.878498+00:00,base,WSTETH,0.0414
2026-06-20T16:04:57.878498+00:00,base,NOCK,0.0
2026-06-20T16:04:57.878498+00:00,base,FBOMB,2.2131
2026-06-20T16:04:57.878498+00:00,base,ETH,1.536
2026-06-20T16:04:57.878498+00:00,base,CBBTC,1.6436
2026-06-20T16:04:57.878498+00:00,base,VIRTUAL,1.1716
2026-06-20T16:04:57.878498+00:00,base,VVV,0.6135
2026-06-20T16:04:57.878498+00:00,base,WETH,0.4895
2026-06-20T16:04:57.878498+00:00,aptos,USDC,0.1029
2026-06-20T16:04:57.878498+00:00,aptos,APT,0.0
2026-06-20T16:06:38.397522+00:00,sui,WAL,0.0
2026-06-20T16:06:38.397522+00:00,sui,CETUS,0.11
2026-06-20T16:06:38.397522+00:00,sui,USDSUI,0.2602
2026-06-20T16:06:38.397522+00:00,sui,SUIUSDT,0.0
2026-06-20T16:06:38.397522+00:00,sui,USDC,0.252
2026-06-20T16:06:38.397522+00:00,sui,SUI,0.0283
2026-06-20T16:06:38.397522+00:00,solana,JITOSOL,0.3799
2026-06-20T16:06:38.397522+00:00,solana,JTO,0.0
2026-06-20T16:06:38.397522+00:00,solana,USDG,0.0519
2026-06-20T16:06:38.397522+00:00,solana,USDE,0.1902
2026-06-20T16:06:38.397522+00:00,solana,TRUMP,0.0
2026-06-20T16:06:38.397522+00:00,solana,JUP,0.3416
2026-06-20T16:06:38.397522+00:00,solana,PENGU,0.6108
2026-06-20T16:06:38.397522+00:00,solana,BONK,0.1097
2026-06-20T16:06:38.397522+00:00,solana,USELESS,0.2984
2026-06-20T16:06:38.397522+00:00,solana,TRIPLET,0.0397
2026-06-20T16:06:38.397522+00:00,solana,BUTTCOIN,3.1886
2026-06-20T16:06:38.397522+00:00,solana,MET,0.5984
2026-06-20T16:06:38.397522+00:00,solana,WETH,0.3565
2026-06-20T16:06:38.397522+00:00,solana,FO,0.252
2026-06-20T16:06:38.397522+00:00,solana,USDC,0.018
2026-06-20T16:06:38.397522+00:00,solana,SOL,0.6572
2026-06-20T16:06:38.397522+00:00,base,CBETH,0.7468
2026-06-20T16:06:38.397522+00:00,base,AERO,0.5527
2026-06-20T16:06:38.397522+00:00,base,USDC,0.0016
2026-06-20T16:06:38.397522+00:00,base,USDT,0.0902
2026-06-20T16:06:38.397522+00:00,base,EURC,0.0
2026-06-20T16:06:38.397522+00:00,base,WEETH,0.0718
2026-06-20T16:06:38.397522+00:00,base,WSTETH,0.0233
2026-06-20T16:06:38.397522+00:00,base,NOCK,0.0
2026-06-20T16:06:38.397522+00:00,base,FBOMB,2.2131
2026-06-20T16:06:38.397522+00:00,base,ETH,1.536
2026-06-20T16:06:38.397522+00:00,base,CBBTC,1.6432
2026-06-20T16:06:38.397522+00:00,base,VIRTUAL,1.1549
2026-06-20T16:06:38.397522+00:00,base,VVV,0.6135
2026-06-20T16:06:38.397522+00:00,base,WETH,0.4901
2026-06-20T16:06:38.397522+00:00,aptos,USDC,0.1029
2026-06-20T16:06:38.397522+00:00,aptos,APT,0.0
2026-06-20T16:08:19.316699+00:00,sui,WAL,0.0
2026-06-20T16:08:19.316699+00:00,sui,CETUS,0.11
2026-06-20T16:08:19.316699+00:00,sui,USDSUI,0.2602
2026-06-20T16:08:19.316699+00:00,sui,SUIUSDT,0.0
2026-06-20T16:08:19.316699+00:00,sui,USDC,0.252
2026-06-20T16:08:19.316699+00:00,sui,SUI,0.0283
2026-06-20T16:08:19.316699+00:00,solana,JITOSOL,0.5327
2026-06-20T16:08:19.316699+00:00,solana,JTO,0.0
2026-06-20T16:08:19.316699+00:00,solana,USDG,0.018
2026-06-20T16:08:19.316699+00:00,solana,USDE,0.1902
2026-06-20T16:08:19.316699+00:00,solana,TRUMP,0.0
2026-06-20T16:08:19.316699+00:00,solana,JUP,0.3906
2026-06-20T16:08:19.316699+00:00,solana,PENGU,0.4321
2026-06-20T16:08:19.316699+00:00,solana,BONK,0.1316
2026-06-20T16:08:19.316699+00:00,solana,USELESS,0.2984
2026-06-20T16:08:19.316699+00:00,solana,TRIPLET,0.1391
2026-06-20T16:08:19.316699+00:00,solana,BUTTCOIN,3.1886
2026-06-20T16:08:19.316699+00:00,solana,MET,0.5319
2026-06-20T16:08:19.316699+00:00,solana,WETH,0.2682
2026-06-20T16:08:19.316699+00:00,solana,FO,0.252
2026-06-20T16:08:19.316699+00:00,solana,USDC,0.018
2026-06-20T16:08:19.316699+00:00,solana,SOL,0.4191
2026-06-20T16:08:19.316699+00:00,base,CBETH,0.7468
2026-06-20T16:08:19.316699+00:00,base,AERO,0.3243
2026-06-20T16:08:19.316699+00:00,base,USDC,0.0016
2026-06-20T16:08:19.316699+00:00,base,USDT,0.0902
2026-06-20T16:08:19.316699+00:00,base,EURC,0.0
2026-06-20T16:08:19.316699+00:00,base,WEETH,0.1647
2026-06-20T16:08:19.316699+00:00,base,WSTETH,0.0233
2026-06-20T16:08:19.316699+00:00,base,NOCK,0.1257
2026-06-20T16:08:19.316699+00:00,base,FBOMB,2.2131
2026-06-20T16:08:19.316699+00:00,base,ETH,1.536
2026-06-20T16:08:19.316699+00:00,base,CBBTC,1.5782
2026-06-20T16:08:19.316699+00:00,base,VIRTUAL,1.1883
2026-06-20T16:08:19.316699+00:00,base,VVV,0.6135
2026-06-20T16:08:19.316699+00:00,base,WETH,0.4901
2026-06-20T16:08:19.316699+00:00,aptos,USDC,0.1029
2026-06-20T16:08:19.316699+00:00,aptos,APT,0.0
2026-06-20T16:09:59.749027+00:00,sui,WAL,0.0
2026-06-20T16:09:59.749027+00:00,sui,CETUS,0.0
2026-06-20T16:09:59.749027+00:00,sui,USDSUI,0.2602
2026-06-20T16:09:59.749027+00:00,sui,SUIUSDT,0.0
2026-06-20T16:09:59.749027+00:00,sui,USDC,0.172
2026-06-20T16:09:59.749027+00:00,sui,SUI,0.0283
2026-06-20T16:09:59.749027+00:00,solana,JITOSOL,0.4017
2026-06-20T16:09:59.749027+00:00,solana,JTO,0.0296
2026-06-20T16:09:59.749027+00:00,solana,USDG,0.0027
2026-06-20T16:09:59.749027+00:00,solana,USDE,0.1902
2026-06-20T16:09:59.749027+00:00,solana,TRUMP,0.0
2026-06-20T16:09:59.749027+00:00,solana,JUP,0.5871
2026-06-20T16:09:59.749027+00:00,solana,PENGU,0.4619
2026-06-20T16:09:59.749027+00:00,solana,BONK,0.0439
2026-06-20T16:09:59.749027+00:00,solana,USELESS,0.0517
2026-06-20T16:09:59.749027+00:00,solana,TRIPLET,0.179
2026-06-20T16:09:59.749027+00:00,solana,BUTTCOIN,3.1886
2026-06-20T16:09:59.749027+00:00,solana,MET,0.5319
2026-06-20T16:09:59.749027+00:00,solana,WETH,0.3363
2026-06-20T16:09:59.749027+00:00,solana,FO,0.252
2026-06-20T16:09:59.749027+00:00,solana,USDC,0.018
2026-06-20T16:09:59.749027+00:00,solana,SOL,0.4334
2026-06-20T16:09:59.749027+00:00,base,CBETH,0.6195
2026-06-20T16:09:59.749027+00:00,base,AERO,0.2671
2026-06-20T16:09:59.749027+00:00,base,USDC,0.0016
2026-06-20T16:09:59.749027+00:00,base,USDT,0.0601
2026-06-20T16:09:59.749027+00:00,base,EURC,0.0
2026-06-20T16:09:59.749027+00:00,base,WEETH,0.1647
2026-06-20T16:09:59.749027+00:00,base,WSTETH,0.0489
2026-06-20T16:09:59.749027+00:00,base,NOCK,0.0
2026-06-20T16:09:59.749027+00:00,base,FBOMB,2.2131
2026-06-20T16:09:59.749027+00:00,base,ETH,1.536
2026-06-20T16:09:59.749027+00:00,base,CBBTC,1.5782
2026-06-20T16:09:59.749027+00:00,base,VIRTUAL,1.2886
2026-06-20T16:09:59.749027+00:00,base,VVV,0.6135
2026-06-20T16:09:59.749027+00:00,base,WETH,0.4901
2026-06-20T16:09:59.749027+00:00,aptos,USDC,0.1129
2026-06-20T16:09:59.749027+00:00,aptos,APT,0.0
2026-06-20T16:11:40.580387+00:00,sui,WAL,0.0
2026-06-20T16:11:40.580387+00:00,sui,CETUS,0.0
2026-06-20T16:11:40.580387+00:00,sui,USDSUI,0.2602
2026-06-20T16:11:40.580387+00:00,sui,SUIUSDT,0.0
2026-06-20T16:11:40.580387+00:00,sui,USDC,0.102
2026-06-20T16:11:40.580387+00:00,sui,SUI,0.0283
2026-06-20T16:11:40.580387+00:00,solana,JITOSOL,0.3472
2026-06-20T16:11:40.580387+00:00,solana,JTO,0.0
2026-06-20T16:11:40.580387+00:00,solana,USDG,0.017
2026-06-20T16:11:40.580387+00:00,solana,USDE,0.1902
2026-06-20T16:11:40.580387+00:00,solana,TRUMP,0.0
2026-06-20T16:11:40.580387+00:00,solana,JUP,0.5871
2026-06-20T16:11:40.580387+00:00,solana,PENGU,0.5364
2026-06-20T16:11:40.580387+00:00,solana,BONK,0.0658
2026-06-20T16:11:40.580387+00:00,solana,USELESS,0.13
2026-06-20T16:11:40.580387+00:00,solana,TRIPLET,0.4365
2026-06-20T16:11:40.580387+00:00,solana,BUTTCOIN,3.1886
2026-06-20T16:11:40.580387+00:00,solana,MET,0.5319
2026-06-20T16:11:40.580387+00:00,solana,WETH,0.2936
2026-06-20T16:11:40.580387+00:00,solana,FO,0.252
2026-06-20T16:11:40.580387+00:00,solana,USDC,0.018
2026-06-20T16:11:40.580387+00:00,solana,SOL,0.4054
2026-06-20T16:11:40.580387+00:00,base,CBETH,0.6236
2026-06-20T16:11:40.580387+00:00,base,AERO,0.3432
2026-06-20T16:11:40.580387+00:00,base,USDC,0.0016
2026-06-20T16:11:40.580387+00:00,base,USDT,0.0701
2026-06-20T16:11:40.580387+00:00,base,EURC,0.0
2026-06-20T16:11:40.580387+00:00,base,WEETH,0.1647
2026-06-20T16:11:40.580387+00:00,base,WSTETH,0.0489
2026-06-20T16:11:40.580387+00:00,base,NOCK,0.0
2026-06-20T16:11:40.580387+00:00,base,FBOMB,2.2131
2026-06-20T16:11:40.580387+00:00,base,ETH,1.5377
2026-06-20T16:11:40.580387+00:00,base,CBBTC,1.6167
2026-06-20T16:11:40.580387+00:00,base,VIRTUAL,1.3054
2026-06-20T16:11:40.580387+00:00,base,VVV,0.6135
2026-06-20T16:11:40.580387+00:00,base,WETH,0.4901
2026-06-20T16:11:40.580387+00:00,aptos,USDC,0.1029
2026-06-20T16:11:40.580387+00:00,aptos,APT,0.0
2026-06-20T16:13:21.111031+00:00,sui,WAL,0.0
2026-06-20T16:13:21.111031+00:00,sui,CETUS,0.0
2026-06-20T16:13:21.111031+00:00,sui,USDSUI,0.2602
2026-06-20T16:13:21.111031+00:00,sui,SUIUSDT,0.0
2026-06-20T16:13:21.111031+00:00,sui,USDC,0.112
2026-06-20T16:13:21.111031+00:00,sui,SUI,0.0283
2026-06-20T16:13:21.111031+00:00,solana,JITOSOL,0.466
2026-06-20T16:13:21.111031+00:00,solana,JTO,0.0
2026-06-20T16:13:21.111031+00:00,solana,USDG,0.429
2026-06-20T16:13:21.111031+00:00,solana,USDE,0.1902
2026-06-20T16:13:21.111031+00:00,solana,TRUMP,0.5587
2026-06-20T16:13:21.111031+00:00,solana,JUP,1.0319
2026-06-20T16:13:21.111031+00:00,solana,PENGU,0.5364
2026-06-20T16:13:21.111031+00:00,solana,BONK,0.0877
2026-06-20T16:13:21.111031+00:00,solana,USELESS,0.0779
2026-06-20T16:13:21.111031+00:00,solana,TRIPLET,0.1786
2026-06-20T16:13:21.111031+00:00,solana,BUTTCOIN,0.1675
2026-06-20T16:13:21.111031+00:00,solana,MET,0.8011
2026-06-20T16:13:21.111031+00:00,solana,WETH,0.2936
2026-06-20T16:13:21.111031+00:00,solana,FO,0.252
2026-06-20T16:13:21.111031+00:00,solana,USDC,0.018
2026-06-20T16:13:21.111031+00:00,solana,SOL,0.6863
2026-06-20T16:13:21.111031+00:00,base,CBETH,0.6236
2026-06-20T16:13:21.111031+00:00,base,AERO,0.2862
2026-06-20T16:13:21.111031+00:00,base,USDC,0.0016
2026-06-20T16:13:21.111031+00:00,base,USDT,0.0501
2026-06-20T16:13:21.111031+00:00,base,EURC,0.0
2026-06-20T16:13:21.111031+00:00,base,WEETH,0.1647
2026-06-20T16:13:21.111031+00:00,base,WSTETH,0.04
2026-06-20T16:13:21.111031+00:00,base,NOCK,0.0
2026-06-20T16:13:21.111031+00:00,base,FBOMB,2.2131
2026-06-20T16:13:21.111031+00:00,base,ETH,1.5377
2026-06-20T16:13:21.111031+00:00,base,CBBTC,1.6145
2026-06-20T16:13:21.111031+00:00,base,VIRTUAL,1.2552
2026-06-20T16:13:21.111031+00:00,base,VVV,0.6135
2026-06-20T16:13:21.111031+00:00,base,WETH,0.4699
2026-06-20T16:13:21.111031+00:00,aptos,USDC,0.1029
2026-06-20T16:13:21.111031+00:00,aptos,APT,0.0
2026-06-20T16:15:01.476668+00:00,sui,WAL,0.0
2026-06-20T16:15:01.476668+00:00,sui,CETUS,0.1095
2026-06-20T16:15:01.476668+00:00,sui,USDSUI,0.2602
2026-06-20T16:15:01.476668+00:00,sui,SUIUSDT,0.0
2026-06-20T16:15:01.476668+00:00,sui,USDC,0.252
2026-06-20T16:15:01.476668+00:00,sui,SUI,0.0283
2026-06-20T16:15:01.476668+00:00,solana,JITOSOL,0.4257
2026-06-20T16:15:01.476668+00:00,solana,JTO,0.0
2026-06-20T16:15:01.476668+00:00,solana,USDG,0.038
2026-06-20T16:15:01.476668+00:00,solana,USDE,0.1902
2026-06-20T16:15:01.476668+00:00,solana,TRUMP,0.5587
2026-06-20T16:15:01.476668+00:00,solana,JUP,1.0319
2026-06-20T16:15:01.476668+00:00,solana,PENGU,0.5364
2026-06-20T16:15:01.476668+00:00,solana,BONK,0.1096
2026-06-20T16:15:01.476668+00:00,solana,USELESS,0.3258
2026-06-20T16:15:01.476668+00:00,solana,TRIPLET,0.8239
2026-06-20T16:15:01.476668+00:00,solana,BUTTCOIN,0.3361
2026-06-20T16:15:01.476668+00:00,solana,MET,0.8011
2026-06-20T16:15:01.476668+00:00,solana,WETH,0.2936
2026-06-20T16:15:01.476668+00:00,solana,FO,0.252
2026-06-20T16:15:01.476668+00:00,solana,USDC,0.018
2026-06-20T16:15:01.476668+00:00,solana,SOL,0.4054
2026-06-20T16:15:01.476668+00:00,base,CBETH,0.6236
2026-06-20T16:15:01.476668+00:00,base,AERO,0.3054
2026-06-20T16:15:01.476668+00:00,base,USDC,0.0016
2026-06-20T16:15:01.476668+00:00,base,USDT,0.0601
2026-06-20T16:15:01.476668+00:00,base,EURC,0.0
2026-06-20T16:15:01.476668+00:00,base,WEETH,0.1647
2026-06-20T16:15:01.476668+00:00,base,WSTETH,0.1469
2026-06-20T16:15:01.476668+00:00,base,NOCK,0.0
2026-06-20T16:15:01.476668+00:00,base,FBOMB,2.2131
2026-06-20T16:15:01.476668+00:00,base,ETH,1.5179
2026-06-20T16:15:01.476668+00:00,base,CBBTC,1.6145
2026-06-20T16:15:01.476668+00:00,base,VIRTUAL,0.8595
2026-06-20T16:15:01.476668+00:00,base,VVV,0.6821
2026-06-20T16:15:01.476668+00:00,base,WETH,0.4699
2026-06-20T16:15:01.476668+00:00,aptos,USDC,0.03
2026-06-20T16:15:01.476668+00:00,aptos,APT,0.0
2026-06-20T16:16:42.718380+00:00,sui,WAL,0.0
2026-06-20T16:16:42.718380+00:00,sui,CETUS,0.1095
2026-06-20T16:16:42.718380+00:00,sui,USDSUI,0.2602
2026-06-20T16:16:42.718380+00:00,sui,SUIUSDT,0.0
2026-06-20T16:16:42.718380+00:00,sui,USDC,0.232
2026-06-20T16:16:42.718380+00:00,sui,SUI,0.0283
2026-06-20T16:16:42.718380+00:00,solana,JITOSOL,0.4628
2026-06-20T16:16:42.718380+00:00,solana,JTO,0.0
2026-06-20T16:16:42.718380+00:00,solana,USDG,0.169
2026-06-20T16:16:42.718380+00:00,solana,USDE,0.1902
2026-06-20T16:16:42.718380+00:00,solana,TRUMP,0.5587
2026-06-20T16:16:42.718380+00:00,solana,JUP,0.8337
2026-06-20T16:16:42.718380+00:00,solana,PENGU,0.5364
2026-06-20T16:16:42.718380+00:00,solana,BONK,0.0439
2026-06-20T16:16:42.718380+00:00,solana,USELESS,0.2597
2026-06-20T16:16:42.718380+00:00,solana,TRIPLET,0.7646
2026-06-20T16:16:42.718380+00:00,solana,BUTTCOIN,1.7867
2026-06-20T16:16:42.718380+00:00,solana,MET,0.3989
2026-06-20T16:16:42.718380+00:00,solana,WETH,0.2936
2026-06-20T16:16:42.718380+00:00,solana,FO,0.252
2026-06-20T16:16:42.718380+00:00,solana,USDC,0.018
2026-06-20T16:16:42.718380+00:00,solana,SOL,1.9174
2026-06-20T16:16:42.718380+00:00,base,CBETH,0.6236
2026-06-20T16:16:42.718380+00:00,base,AERO,0.3818
2026-06-20T16:16:42.718380+00:00,base,USDC,0.0016
2026-06-20T16:16:42.718380+00:00,base,USDT,0.0301
2026-06-20T16:16:42.718380+00:00,base,EURC,0.0
2026-06-20T16:16:42.718380+00:00,base,WEETH,0.1647
2026-06-20T16:16:42.718380+00:00,base,WSTETH,0.1469
2026-06-20T16:16:42.718380+00:00,base,NOCK,0.0
2026-06-20T16:16:42.718380+00:00,base,FBOMB,2.2131
2026-06-20T16:16:42.718380+00:00,base,ETH,1.5459
2026-06-20T16:16:42.718380+00:00,base,CBBTC,1.1299
2026-06-20T16:16:42.718380+00:00,base,VIRTUAL,0.7929
2026-06-20T16:16:42.718380+00:00,base,VVV,0.6821
2026-06-20T16:16:42.718380+00:00,base,WETH,0.4699
2026-06-20T16:16:42.718380+00:00,aptos,USDC,0.03
2026-06-20T16:16:42.718380+00:00,aptos,APT,0.0
2026-06-20T17:44:30.454595+00:00,sui,WAL,0.0
2026-06-20T17:44:30.454595+00:00,sui,CETUS,0.2743
2026-06-20T17:44:30.454595+00:00,sui,USDSUI,0.2508
2026-06-20T17:44:30.454595+00:00,sui,SUIUSDT,0.0
2026-06-20T17:44:30.454595+00:00,sui,USDC,0.2476
2026-06-20T17:44:30.454595+00:00,sui,SUI,0.0284
2026-06-20T17:44:30.454595+00:00,solana,JITOSOL,0.5362
2026-06-20T17:44:30.454595+00:00,solana,JTO,0.1627
2026-06-20T17:44:30.454595+00:00,solana,USDG,0.0403
2026-06-20T17:44:30.454595+00:00,solana,USDE,0.0501
2026-06-20T17:44:30.454595+00:00,solana,TRUMP,0.5618
2026-06-20T17:44:30.454595+00:00,solana,JUP,0.8828
2026-06-20T17:44:30.454595+00:00,solana,PENGU,0.5736
2026-06-20T17:44:30.454595+00:00,solana,BONK,0.1104
2026-06-20T17:44:30.454595+00:00,solana,PUMP,0.3704
2026-06-20T17:44:30.454595+00:00,solana,USELESS,0.079
2026-06-20T17:44:30.454595+00:00,solana,TRIPLET,0.3681
2026-06-20T17:44:30.454595+00:00,solana,BUTTCOIN,1.922
2026-06-20T17:44:30.454595+00:00,solana,MET,0.3274
2026-06-20T17:44:30.454595+00:00,solana,FO,0.634
2026-06-20T17:44:30.454595+00:00,solana,USDC,0.019
2026-06-20T17:44:30.454595+00:00,solana,SOL,0.6659
2026-06-20T17:44:30.454595+00:00,base,CBETH,0.3257
2026-06-20T17:44:30.454595+00:00,base,WEETH,0.9496
2026-06-20T17:44:30.454595+00:00,base,WSTETH,0.3422
2026-06-20T17:44:30.454595+00:00,base,USDC,0.0012
2026-06-20T17:44:30.454595+00:00,base,USDT,0.0301
2026-06-20T17:44:30.454595+00:00,base,EURC,0.0
2026-06-20T17:44:30.454595+00:00,base,NOCK,0.0
2026-06-20T17:44:30.454595+00:00,base,FBOMB,1.5435
2026-06-20T17:44:30.454595+00:00,base,AERO,0.8203
2026-06-20T17:44:30.454595+00:00,base,ETH,0.8848
2026-06-20T17:44:30.454595+00:00,base,CBBTC,0.9086
2026-06-20T17:44:30.454595+00:00,base,VIRTUAL,0.702
2026-06-20T17:44:30.454595+00:00,base,VVV,0.8362
2026-06-20T17:44:30.454595+00:00,base,WETH,0.67
2026-06-20T17:44:30.454595+00:00,aptos,USDC,0.01
2026-06-20T17:44:30.454595+00:00,aptos,APT,0.0
2026-06-20T17:46:07.234529+00:00,sui,WAL,0.0
2026-06-20T17:46:07.234529+00:00,sui,CETUS,0.44
2026-06-20T17:46:07.234529+00:00,sui,USDSUI,0.1503
2026-06-20T17:46:07.234529+00:00,sui,SUIUSDT,0.0
2026-06-20T17:46:07.234529+00:00,sui,USDC,0.1712
2026-06-20T17:46:07.234529+00:00,sui,SUI,0.0284
2026-06-20T17:46:07.234529+00:00,solana,JITOSOL,0.5362
2026-06-20T17:46:07.234529+00:00,solana,JTO,0.0
2026-06-20T17:46:07.234529+00:00,solana,USDG,0.0673
2026-06-20T17:46:07.234529+00:00,solana,USDE,0.0501
2026-06-20T17:46:07.234529+00:00,solana,TRUMP,0.5618
2026-06-20T17:46:07.234529+00:00,solana,JUP,0.8828
2026-06-20T17:46:07.234529+00:00,solana,PENGU,0.5736
2026-06-20T17:46:07.234529+00:00,solana,BONK,0.0883
2026-06-20T17:46:07.234529+00:00,solana,PUMP,0.3704
2026-06-20T17:46:07.234529+00:00,solana,USELESS,0.0526
2026-06-20T17:46:07.234529+00:00,solana,TRIPLET,0.3683
2026-06-20T17:46:07.234529+00:00,solana,BUTTCOIN,1.3567
2026-06-20T17:46:07.234529+00:00,solana,MET,0.657
2026-06-20T17:46:07.234529+00:00,solana,FO,0.634
2026-06-20T17:46:07.234529+00:00,solana,USDC,0.019
2026-06-20T17:46:07.234529+00:00,solana,SOL,0.6659
2026-06-20T17:46:07.234529+00:00,base,CBETH,0.3257
2026-06-20T17:46:07.234529+00:00,base,WEETH,0.9496
2026-06-20T17:46:07.234529+00:00,base,WSTETH,0.3422
2026-06-20T17:46:07.234529+00:00,base,USDC,0.0012
2026-06-20T17:46:07.234529+00:00,base,USDT,0.1102
2026-06-20T17:46:07.234529+00:00,base,EURC,0.0
2026-06-20T17:46:07.234529+00:00,base,NOCK,0.0
2026-06-20T17:46:07.234529+00:00,base,FBOMB,1.7059
2026-06-20T17:46:07.234529+00:00,base,AERO,1.1723
2026-06-20T17:46:07.234529+00:00,base,ETH,0.8848
2026-06-20T17:46:07.234529+00:00,base,CBBTC,0.8734
2026-06-20T17:46:07.234529+00:00,base,VIRTUAL,0.702
2026-06-20T17:46:07.234529+00:00,base,VVV,0.8362
2026-06-20T17:46:07.234529+00:00,base,WETH,0.6596
2026-06-20T17:46:07.234529+00:00,aptos,USDC,0.01
2026-06-20T17:46:07.234529+00:00,aptos,APT,0.0
2026-06-20T17:47:43.758497+00:00,sui,WAL,0.0
2026-06-20T17:47:43.758497+00:00,sui,CETUS,0.2199
2026-06-20T17:47:43.758497+00:00,sui,USDSUI,0.1503
2026-06-20T17:47:43.758497+00:00,sui,SUIUSDT,0.0
2026-06-20T17:47:43.758497+00:00,sui,USDC,0.1612
2026-06-20T17:47:43.758497+00:00,sui,SUI,0.0284
2026-06-20T17:47:43.758497+00:00,solana,JITOSOL,0.5362
2026-06-20T17:47:43.758497+00:00,solana,JTO,0.0
2026-06-20T17:47:43.758497+00:00,solana,USDG,0.0673
2026-06-20T17:47:43.758497+00:00,solana,USDE,0.0501
2026-06-20T17:47:43.758497+00:00,solana,TRUMP,0.5618
2026-06-20T17:47:43.758497+00:00,solana,JUP,0.8828
2026-06-20T17:47:43.758497+00:00,solana,PENGU,0.5736
2026-06-20T17:47:43.758497+00:00,solana,BONK,0.0883
2026-06-20T17:47:43.758497+00:00,solana,PUMP,0.3704
2026-06-20T17:47:43.758497+00:00,solana,USELESS,0.3302
2026-06-20T17:47:43.758497+00:00,solana,TRIPLET,0.3683
2026-06-20T17:47:43.758497+00:00,solana,BUTTCOIN,1.3002
2026-06-20T17:47:43.758497+00:00,solana,MET,0.459
2026-06-20T17:47:43.758497+00:00,solana,FO,0.634
2026-06-20T17:47:43.758497+00:00,solana,USDC,0.019
2026-06-20T17:47:43.758497+00:00,solana,SOL,0.7042
2026-06-20T17:47:43.758497+00:00,base,CBETH,0.3257
2026-06-20T17:47:43.758497+00:00,base,WEETH,0.9496
2026-06-20T17:47:43.758497+00:00,base,WSTETH,0.0938
2026-06-20T17:47:43.758497+00:00,base,USDC,0.0012
2026-06-20T17:47:43.758497+00:00,base,USDT,0.0701
2026-06-20T17:47:43.758497+00:00,base,EURC,0.0
2026-06-20T17:47:43.758497+00:00,base,NOCK,0.0
2026-06-20T17:47:43.758497+00:00,base,FBOMB,1.7059
2026-06-20T17:47:43.758497+00:00,base,AERO,0.949
2026-06-20T17:47:43.758497+00:00,base,ETH,0.8848
2026-06-20T17:47:43.758497+00:00,base,CBBTC,0.8734
2026-06-20T17:47:43.758497+00:00,base,VIRTUAL,0.702
2026-06-20T17:47:43.758497+00:00,base,VVV,0.8362
2026-06-20T17:47:43.758497+00:00,base,WETH,0.6565
2026-06-20T17:47:43.758497+00:00,aptos,USDC,0.01
2026-06-20T17:47:43.758497+00:00,aptos,APT,0.0
2026-06-20T17:49:21.040323+00:00,sui,WAL,0.0
2026-06-20T17:49:21.040323+00:00,sui,CETUS,0.3299
2026-06-20T17:49:21.040323+00:00,sui,USDSUI,0.2508
2026-06-20T17:49:21.040323+00:00,sui,SUIUSDT,0.0
2026-06-20T17:49:21.040323+00:00,sui,USDC,0.2113
2026-06-20T17:49:21.040323+00:00,sui,SUI,0.0569
2026-06-20T17:49:21.040323+00:00,solana,JITOSOL,0.5362
2026-06-20T17:49:21.040323+00:00,solana,JTO,0.0
2026-06-20T17:49:21.040323+00:00,solana,USDG,0.6193
2026-06-20T17:49:21.040323+00:00,solana,USDE,0.0501
2026-06-20T17:49:21.040323+00:00,solana,TRUMP,0.5618
2026-06-20T17:49:21.040323+00:00,solana,JUP,0.8828
2026-06-20T17:49:21.040323+00:00,solana,PENGU,0.5585
2026-06-20T17:49:21.040323+00:00,solana,BONK,0.0663
2026-06-20T17:49:21.040323+00:00,solana,PUMP,0.3704
2026-06-20T17:49:21.040323+00:00,solana,USELESS,0.3171
2026-06-20T17:49:21.040323+00:00,solana,TRIPLET,0.2536
2026-06-20T17:49:21.040323+00:00,solana,BUTTCOIN,1.3002
2026-06-20T17:49:21.040323+00:00,solana,MET,0.3274
2026-06-20T17:49:21.040323+00:00,solana,FO,0.634
2026-06-20T17:49:21.040323+00:00,solana,USDC,0.019
2026-06-20T17:49:21.040323+00:00,solana,SOL,0.4778
2026-06-20T17:49:21.040323+00:00,base,CBETH,0.3257
2026-06-20T17:49:21.040323+00:00,base,WEETH,0.9496
2026-06-20T17:49:21.040323+00:00,base,WSTETH,0.1139
2026-06-20T17:49:21.040323+00:00,base,USDC,0.0012
2026-06-20T17:49:21.040323+00:00,base,USDT,0.0501
2026-06-20T17:49:21.040323+00:00,base,EURC,0.0
2026-06-20T17:49:21.040323+00:00,base,NOCK,0.0
2026-06-20T17:49:21.040323+00:00,base,FBOMB,1.7059
2026-06-20T17:49:21.040323+00:00,base,AERO,1.0411
2026-06-20T17:49:21.040323+00:00,base,ETH,0.8848
2026-06-20T17:49:21.040323+00:00,base,CBBTC,0.8734
2026-06-20T17:49:21.040323+00:00,base,VIRTUAL,0.702
2026-06-20T17:49:21.040323+00:00,base,VVV,0.8362
2026-06-20T17:49:21.040323+00:00,base,WETH,0.6391
2026-06-20T17:49:21.040323+00:00,aptos,USDC,0.064
2026-06-20T17:49:21.040323+00:00,aptos,APT,0.0
2026-06-20T17:50:57.725978+00:00,sui,WAL,0.0
2026-06-20T17:50:57.725978+00:00,sui,CETUS,0.3299
2026-06-20T17:50:57.725978+00:00,sui,USDSUI,0.1002
2026-06-20T17:50:57.725978+00:00,sui,SUIUSDT,0.0
2026-06-20T17:50:57.725978+00:00,sui,USDC,0.1712
2026-06-20T17:50:57.725978+00:00,sui,SUI,0.0569
2026-06-20T17:50:57.725978+00:00,solana,JITOSOL,0.5362
2026-06-20T17:50:57.725978+00:00,solana,JTO,0.0
2026-06-20T17:50:57.725978+00:00,solana,USDG,0.6193
2026-06-20T17:50:57.725978+00:00,solana,USDE,0.0501
2026-06-20T17:50:57.725978+00:00,solana,TRUMP,0.5618
2026-06-20T17:50:57.725978+00:00,solana,JUP,0.8828
2026-06-20T17:50:57.725978+00:00,solana,PENGU,0.5585
2026-06-20T17:50:57.725978+00:00,solana,BONK,0.1325
2026-06-20T17:50:57.725978+00:00,solana,PUMP,0.3704
2026-06-20T17:50:57.725978+00:00,solana,USELESS,0.3171
2026-06-20T17:50:57.725978+00:00,solana,TRIPLET,0.6463
2026-06-20T17:50:57.725978+00:00,solana,BUTTCOIN,1.3002
2026-06-20T17:50:57.725978+00:00,solana,MET,0.8558
2026-06-20T17:50:57.725978+00:00,solana,FO,0.634
2026-06-20T17:50:57.725978+00:00,solana,USDC,0.016
2026-06-20T17:50:57.725978+00:00,solana,SOL,0.6809
2026-06-20T17:50:57.725978+00:00,base,CBETH,0.1987
2026-06-20T17:50:57.725978+00:00,base,WEETH,0.9496
2026-06-20T17:50:57.725978+00:00,base,WSTETH,0.1083
2026-06-20T17:50:57.725978+00:00,base,USDC,0.0012
2026-06-20T17:50:57.725978+00:00,base,USDT,0.0902
2026-06-20T17:50:57.725978+00:00,base,EURC,0.0
2026-06-20T17:50:57.725978+00:00,base,NOCK,0.0
2026-06-20T17:50:57.725978+00:00,base,FBOMB,1.9496
2026-06-20T17:50:57.725978+00:00,base,AERO,1.0954
2026-06-20T17:50:57.725978+00:00,base,ETH,0.8848
2026-06-20T17:50:57.725978+00:00,base,CBBTC,0.8716
2026-06-20T17:50:57.725978+00:00,base,VIRTUAL,0.7357
2026-06-20T17:50:57.725978+00:00,base,VVV,0.8362
2026-06-20T17:50:57.725978+00:00,base,WETH,0.6432
2026-06-20T17:50:57.725978+00:00,aptos,USDC,0.01
2026-06-20T17:50:57.725978+00:00,aptos,APT,0.0
2026-06-20T17:52:34.540252+00:00,sui,WAL,0.0
2026-06-20T17:52:34.540252+00:00,sui,CETUS,0.2199
2026-06-20T17:52:34.540252+00:00,sui,USDSUI,0.1002
2026-06-20T17:52:34.540252+00:00,sui,SUIUSDT,0.0
2026-06-20T17:52:34.540252+00:00,sui,USDC,0.2113
2026-06-20T17:52:34.540252+00:00,sui,SUI,0.0569
2026-06-20T17:52:34.540252+00:00,solana,JITOSOL,0.1417
2026-06-20T17:52:34.540252+00:00,solana,JTO,0.0
2026-06-20T17:52:34.540252+00:00,solana,USDG,0.6193
2026-06-20T17:52:34.540252+00:00,solana,USDE,0.0501
2026-06-20T17:52:34.540252+00:00,solana,TRUMP,0.0
2026-06-20T17:52:34.540252+00:00,solana,JUP,0.8828
2026-06-20T17:52:34.540252+00:00,solana,PENGU,0.5585
2026-06-20T17:52:34.540252+00:00,solana,BONK,0.1325
2026-06-20T17:52:34.540252+00:00,solana,PUMP,0.5185
2026-06-20T17:52:34.540252+00:00,solana,USELESS,0.3171
2026-06-20T17:52:34.540252+00:00,solana,TRIPLET,0.745
2026-06-20T17:52:34.540252+00:00,solana,BUTTCOIN,1.3002
2026-06-20T17:52:34.540252+00:00,solana,MET,0.9973
2026-06-20T17:52:34.540252+00:00,solana,FO,0.634
2026-06-20T17:52:34.540252+00:00,solana,USDC,0.016
2026-06-20T17:52:34.540252+00:00,solana,SOL,0.4072
2026-06-20T17:52:34.540252+00:00,base,CBETH,0.1987
2026-06-20T17:52:34.540252+00:00,base,WEETH,0.9496
2026-06-20T17:52:34.540252+00:00,base,WSTETH,0.1083
2026-06-20T17:52:34.540252+00:00,base,USDC,0.0012
2026-06-20T17:52:34.540252+00:00,base,USDT,0.0902
2026-06-20T17:52:34.540252+00:00,base,EURC,0.0
2026-06-20T17:52:34.540252+00:00,base,NOCK,0.0
2026-06-20T17:52:34.540252+00:00,base,FBOMB,1.9496
2026-06-20T17:52:34.540252+00:00,base,AERO,0.8528
2026-06-20T17:52:34.540252+00:00,base,ETH,0.8848
2026-06-20T17:52:34.540252+00:00,base,CBBTC,0.8716
2026-06-20T17:52:34.540252+00:00,base,VIRTUAL,0.7188
2026-06-20T17:52:34.540252+00:00,base,VVV,0.8362
2026-06-20T17:52:34.540252+00:00,base,WETH,0.6432
2026-06-20T17:52:34.540252+00:00,aptos,USDC,0.007
2026-06-20T17:52:34.540252+00:00,aptos,APT,0.0
2026-06-20T17:54:11.072568+00:00,sui,WAL,0.0
2026-06-20T17:54:11.072568+00:00,sui,CETUS,0.2193
2026-06-20T17:54:11.072568+00:00,sui,USDSUI,0.1002
2026-06-20T17:54:11.072568+00:00,sui,SUIUSDT,0.0
2026-06-20T17:54:11.072568+00:00,sui,USDC,0.2113
2026-06-20T17:54:11.072568+00:00,sui,SUI,0.0569
2026-06-20T17:54:11.072568+00:00,solana,JITOSOL,0.1417
2026-06-20T17:54:11.072568+00:00,solana,JTO,0.0
2026-06-20T17:54:11.072568+00:00,solana,USDG,0.051
2026-06-20T17:54:11.072568+00:00,solana,USDE,0.0501
2026-06-20T17:54:11.072568+00:00,solana,TRUMP,0.0
2026-06-20T17:54:11.072568+00:00,solana,JUP,0.8828
2026-06-20T17:54:11.072568+00:00,solana,PENGU,0.5585
2026-06-20T17:54:11.072568+00:00,solana,BONK,0.1325
2026-06-20T17:54:11.072568+00:00,solana,PUMP,0.5185
2026-06-20T17:54:11.072568+00:00,solana,USELESS,0.2646
2026-06-20T17:54:11.072568+00:00,solana,TRIPLET,0.0392
2026-06-20T17:54:11.072568+00:00,solana,BUTTCOIN,1.3002
2026-06-20T17:54:11.072568+00:00,solana,MET,0.9973
2026-06-20T17:54:11.072568+00:00,solana,FO,0.634
2026-06-20T17:54:11.072568+00:00,solana,USDC,0.016
2026-06-20T17:54:11.072568+00:00,solana,SOL,0.4494
2026-06-20T17:54:11.072568+00:00,base,CBETH,0.1987
2026-06-20T17:54:11.072568+00:00,base,WEETH,0.9496
2026-06-20T17:54:11.072568+00:00,base,WSTETH,0.1252
2026-06-20T17:54:11.072568+00:00,base,USDC,0.0012
2026-06-20T17:54:11.072568+00:00,base,USDT,0.0902
2026-06-20T17:54:11.072568+00:00,base,EURC,0.0
2026-06-20T17:54:11.072568+00:00,base,NOCK,0.0
2026-06-20T17:54:11.072568+00:00,base,FBOMB,2.0309
2026-06-20T17:54:11.072568+00:00,base,AERO,0.964
2026-06-20T17:54:11.072568+00:00,base,ETH,0.8848
2026-06-20T17:54:11.072568+00:00,base,CBBTC,0.9635
2026-06-20T17:54:11.072568+00:00,base,VIRTUAL,0.702
2026-06-20T17:54:11.072568+00:00,base,VVV,0.8362
2026-06-20T17:54:11.072568+00:00,base,WETH,0.6432
2026-06-20T17:54:11.072568+00:00,aptos,USDC,0.064
2026-06-20T17:54:11.072568+00:00,aptos,APT,0.0
2026-06-20T17:55:47.803514+00:00,sui,WAL,0.0
2026-06-20T17:55:47.803514+00:00,sui,CETUS,0.3288
2026-06-20T17:55:47.803514+00:00,sui,USDSUI,0.1002
2026-06-20T17:55:47.803514+00:00,sui,SUIUSDT,0.0
2026-06-20T17:55:47.803514+00:00,sui,USDC,0.2816
2026-06-20T17:55:47.803514+00:00,sui,SUI,0.0426
2026-06-20T17:55:47.803514+00:00,solana,JITOSOL,0.1526
2026-06-20T17:55:47.803514+00:00,solana,JTO,0.0
2026-06-20T17:55:47.803514+00:00,solana,USDG,12.9831
2026-06-20T17:55:47.803514+00:00,solana,USDE,0.0501
2026-06-20T17:55:47.803514+00:00,solana,TRUMP,0.0
2026-06-20T17:55:47.803514+00:00,solana,JUP,0.9323
2026-06-20T17:55:47.803514+00:00,solana,PENGU,0.5585
2026-06-20T17:55:47.803514+00:00,solana,BONK,0.1325
2026-06-20T17:55:47.803514+00:00,solana,PUMP,0.2952
2026-06-20T17:55:47.803514+00:00,solana,USELESS,0.2646
2026-06-20T17:55:47.803514+00:00,solana,TRIPLET,0.549
2026-06-20T17:55:47.803514+00:00,solana,BUTTCOIN,1.3002
2026-06-20T17:55:47.803514+00:00,solana,MET,0.9993
2026-06-20T17:55:47.803514+00:00,solana,FO,0.634
2026-06-20T17:55:47.803514+00:00,solana,USDC,0.022
2026-06-20T17:55:47.803514+00:00,solana,SOL,0.6186
2026-06-20T17:55:47.803514+00:00,base,CBETH,0.2259
2026-06-20T17:55:47.803514+00:00,base,WEETH,0.9496
2026-06-20T17:55:47.803514+00:00,base,WSTETH,0.1753
2026-06-20T17:55:47.803514+00:00,base,USDC,0.0012
2026-06-20T17:55:47.803514+00:00,base,USDT,0.0802
2026-06-20T17:55:47.803514+00:00,base,EURC,0.0
2026-06-20T17:55:47.803514+00:00,base,NOCK,0.0
2026-06-20T17:55:47.803514+00:00,base,FBOMB,2.0309
2026-06-20T17:55:47.803514+00:00,base,AERO,1.0183
2026-06-20T17:55:47.803514+00:00,base,ETH,0.8848
2026-06-20T17:55:47.803514+00:00,base,CBBTC,0.9635
2026-06-20T17:55:47.803514+00:00,base,VIRTUAL,0.702
2026-06-20T17:55:47.803514+00:00,base,VVV,0.6959
2026-06-20T17:55:47.803514+00:00,base,WETH,0.3726
2026-06-20T17:55:47.803514+00:00,aptos,USDC,0.064
2026-06-20T17:55:47.803514+00:00,aptos,APT,0.0
2026-06-20T18:59:55.786937+00:00,sui,WAL,0.0
2026-06-20T18:59:55.786937+00:00,sui,CETUS,0.3277
2026-06-20T18:59:55.786937+00:00,sui,USDSUI,0.0701
2026-06-20T18:59:55.786937+00:00,sui,SUIUSDT,0.0
2026-06-20T18:59:55.786937+00:00,sui,USDC,0.13
2026-06-20T18:59:55.786937+00:00,sui,SUI,0.4272
2026-06-20T18:59:55.786937+00:00,solana,JITOSOL,0.1737
2026-06-20T18:59:55.786937+00:00,solana,JTO,0.0
2026-06-20T18:59:55.786937+00:00,solana,USDG,0.12
2026-06-20T18:59:55.786937+00:00,solana,USDE,0.01
2026-06-20T18:59:55.786937+00:00,solana,TRUMP,0.5587
2026-06-20T18:59:55.786937+00:00,solana,JUP,2.1351
2026-06-20T18:59:55.786937+00:00,solana,PENGU,0.8151
2026-06-20T18:59:55.786937+00:00,solana,BONK,0.0
2026-06-20T18:59:55.786937+00:00,solana,PUMP,0.4415
2026-06-20T18:59:55.786937+00:00,solana,USELESS,0.0266
2026-06-20T18:59:55.786937+00:00,solana,TRIPLET,0.3801
2026-06-20T18:59:55.786937+00:00,solana,BUTTCOIN,0.8251
2026-06-20T18:59:55.786937+00:00,solana,MET,1.0575
2026-06-20T18:59:55.786937+00:00,solana,FO,0.634
2026-06-20T18:59:55.786937+00:00,solana,USDC,0.014
2026-06-20T18:59:55.786937+00:00,solana,SOL,0.5173
2026-06-20T18:59:55.786937+00:00,base,CBETH,0.0981
2026-06-20T18:59:55.786937+00:00,base,WEETH,0.7002
2026-06-20T18:59:55.786937+00:00,base,WSTETH,0.2906
2026-06-20T18:59:55.786937+00:00,base,USDC,0.0012
2026-06-20T18:59:55.786937+00:00,base,USDT,0.0501
2026-06-20T18:59:55.786937+00:00,base,EURC,0.0
2026-06-20T18:59:55.786937+00:00,base,NOCK,0.0
2026-06-20T18:59:55.786937+00:00,base,FBOMB,0.9748
2026-06-20T18:59:55.786937+00:00,base,AERO,0.4092
2026-06-20T18:59:55.786937+00:00,base,ETH,0.8848
2026-06-20T18:59:55.786937+00:00,base,CBBTC,1.0289
2026-06-20T18:59:55.786937+00:00,base,VIRTUAL,0.87
2026-06-20T18:59:55.786937+00:00,base,VVV,0.9756
2026-06-20T18:59:55.786937+00:00,base,WETH,0.3784
2026-06-20T18:59:55.786937+00:00,aptos,USDC,0.011
2026-06-20T18:59:55.786937+00:00,aptos,APT,0.0
2026-06-20T19:01:36.363214+00:00,sui,WAL,0.0
2026-06-20T19:01:36.363214+00:00,sui,CETUS,0.3277
2026-06-20T19:01:36.363214+00:00,sui,USDSUI,0.1702
2026-06-20T19:01:36.363214+00:00,sui,SUIUSDT,0.0
2026-06-20T19:01:36.363214+00:00,sui,USDC,0.18
2026-06-20T19:01:36.363214+00:00,sui,SUI,0.4701
2026-06-20T19:01:36.363214+00:00,solana,JITOSOL,0.1737
2026-06-20T19:01:36.363214+00:00,solana,JTO,0.0593
2026-06-20T19:01:36.363214+00:00,solana,USDG,0.12
2026-06-20T19:01:36.363214+00:00,solana,USDE,0.01
2026-06-20T19:01:36.363214+00:00,solana,TRUMP,0.5587
2026-06-20T19:01:36.363214+00:00,solana,JUP,2.4402
2026-06-20T19:01:36.363214+00:00,solana,PENGU,0.8151
2026-06-20T19:01:36.363214+00:00,solana,BONK,0.1544
2026-06-20T19:01:36.363214+00:00,solana,PUMP,0.4415
2026-06-20T19:01:36.363214+00:00,solana,USELESS,0.0133
2026-06-20T19:01:36.363214+00:00,solana,TRIPLET,0.5001
2026-06-20T19:01:36.363214+00:00,solana,BUTTCOIN,0.8251
2026-06-20T19:01:36.363214+00:00,solana,MET,1.0617
2026-06-20T19:01:36.363214+00:00,solana,FO,0.634
2026-06-20T19:01:36.363214+00:00,solana,USDC,0.023
2026-06-20T19:01:36.363214+00:00,solana,SOL,3.692
2026-06-20T19:01:36.363214+00:00,base,CBETH,0.093
2026-06-20T19:01:36.363214+00:00,base,WEETH,0.7002
2026-06-20T19:01:36.363214+00:00,base,WSTETH,0.2906
2026-06-20T19:01:36.363214+00:00,base,USDC,0.0012
2026-06-20T19:01:36.363214+00:00,base,USDT,0.0802
2026-06-20T19:01:36.363214+00:00,base,EURC,0.0
2026-06-20T19:01:36.363214+00:00,base,NOCK,0.1067
2026-06-20T19:01:36.363214+00:00,base,FBOMB,0.9748
2026-06-20T19:01:36.363214+00:00,base,AERO,0.4458
2026-06-20T19:01:36.363214+00:00,base,ETH,0.8848
2026-06-20T19:01:36.363214+00:00,base,CBBTC,1.0289
2026-06-20T19:01:36.363214+00:00,base,VIRTUAL,0.9545
2026-06-20T19:01:36.363214+00:00,base,VVV,0.9756
2026-06-20T19:01:36.363214+00:00,base,WETH,0.4244
2026-06-20T19:01:36.363214+00:00,aptos,USDC,0.011
2026-06-20T19:01:36.363214+00:00,aptos,APT,0.0
2026-06-20T19:03:16.851794+00:00,sui,WAL,0.0
2026-06-20T19:03:16.851794+00:00,sui,CETUS,0.2185
2026-06-20T19:03:16.851794+00:00,sui,USDSUI,0.1702
2026-06-20T19:03:16.851794+00:00,sui,SUIUSDT,0.0
2026-06-20T19:03:16.851794+00:00,sui,USDC,0.053
2026-06-20T19:03:16.851794+00:00,sui,SUI,0.4701
2026-06-20T19:03:16.851794+00:00,solana,JITOSOL,0.1194
2026-06-20T19:03:16.851794+00:00,solana,JTO,0.0594
2026-06-20T19:03:16.851794+00:00,solana,USDG,0.05
2026-06-20T19:03:16.851794+00:00,solana,USDE,0.01
2026-06-20T19:03:16.851794+00:00,solana,TRUMP,0.5587
2026-06-20T19:03:16.851794+00:00,solana,JUP,2.4402
2026-06-20T19:03:16.851794+00:00,solana,PENGU,0.8151
2026-06-20T19:03:16.851794+00:00,solana,BONK,0.1544
2026-06-20T19:03:16.851794+00:00,solana,PUMP,0.3679
2026-06-20T19:03:16.851794+00:00,solana,USELESS,0.0399
2026-06-20T19:03:16.851794+00:00,solana,TRIPLET,0.1803
2026-06-20T19:03:16.851794+00:00,solana,BUTTCOIN,0.8251
2026-06-20T19:03:16.851794+00:00,solana,MET,0.728
2026-06-20T19:03:16.851794+00:00,solana,FO,0.634
2026-06-20T19:03:16.851794+00:00,solana,USDC,0.023
2026-06-20T19:03:16.851794+00:00,solana,SOL,1.3624
2026-06-20T19:03:16.851794+00:00,base,CBETH,0.0787
2026-06-20T19:03:16.851794+00:00,base,WEETH,0.7002
2026-06-20T19:03:16.851794+00:00,base,WSTETH,0.2906
2026-06-20T19:03:16.851794+00:00,base,USDC,0.0012
2026-06-20T19:03:16.851794+00:00,base,USDT,0.0802
2026-06-20T19:03:16.851794+00:00,base,EURC,0.0
2026-06-20T19:03:16.851794+00:00,base,NOCK,0.0
2026-06-20T19:03:16.851794+00:00,base,FBOMB,1.2185
2026-06-20T19:03:16.851794+00:00,base,AERO,0.5572
2026-06-20T19:03:16.851794+00:00,base,ETH,0.8848
2026-06-20T19:03:16.851794+00:00,base,CBBTC,1.0289
2026-06-20T19:03:16.851794+00:00,base,VIRTUAL,0.9376
2026-06-20T19:03:16.851794+00:00,base,VVV,0.9756
2026-06-20T19:03:16.851794+00:00,base,WETH,0.4244
2026-06-20T19:03:16.851794+00:00,aptos,USDC,0.011
2026-06-20T19:03:16.851794+00:00,aptos,APT,0.0
2026-06-20T19:04:56.942825+00:00,sui,WAL,0.0
2026-06-20T19:04:56.942825+00:00,sui,CETUS,0.2185
2026-06-20T19:04:56.942825+00:00,sui,USDSUI,0.1702
2026-06-20T19:04:56.942825+00:00,sui,SUIUSDT,0.0
2026-06-20T19:04:56.942825+00:00,sui,USDC,0.01
2026-06-20T19:04:56.942825+00:00,sui,SUI,0.4701
2026-06-20T19:04:56.942825+00:00,solana,JITOSOL,0.0651
2026-06-20T19:04:56.942825+00:00,solana,JTO,0.0
2026-06-20T19:04:56.942825+00:00,solana,USDG,0.036
2026-06-20T19:04:56.942825+00:00,solana,USDE,0.01
2026-06-20T19:04:56.942825+00:00,solana,TRUMP,0.5587
2026-06-20T19:04:56.942825+00:00,solana,JUP,2.4402
2026-06-20T19:04:56.942825+00:00,solana,PENGU,0.8151
2026-06-20T19:04:56.942825+00:00,solana,BONK,0.0441
2026-06-20T19:04:56.942825+00:00,solana,PUMP,0.3679
2026-06-20T19:04:56.942825+00:00,solana,USELESS,0.2923
2026-06-20T19:04:56.942825+00:00,solana,TRIPLET,0.2804
2026-06-20T19:04:56.942825+00:00,solana,MET,0.728
2026-06-20T19:04:56.942825+00:00,solana,FO,0.634
2026-06-20T19:04:56.942825+00:00,solana,USDC,0.023
2026-06-20T19:04:56.942825+00:00,solana,SOL,0.9794
2026-06-20T19:04:56.942825+00:00,base,CBETH,0.0747
2026-06-20T19:04:56.942825+00:00,base,WEETH,0.7002
2026-06-20T19:04:56.942825+00:00,base,WSTETH,0.2906
2026-06-20T19:04:56.942825+00:00,base,USDC,0.0012
2026-06-20T19:04:56.942825+00:00,base,USDT,0.0701
2026-06-20T19:04:56.942825+00:00,base,EURC,0.0
2026-06-20T19:04:56.942825+00:00,base,NOCK,0.0
2026-06-20T19:04:56.942825+00:00,base,FBOMB,1.2185
2026-06-20T19:04:56.942825+00:00,base,AERO,0.3529
2026-06-20T19:04:56.942825+00:00,base,ETH,0.8848
2026-06-20T19:04:56.942825+00:00,base,CBBTC,1.0289
2026-06-20T19:04:56.942825+00:00,base,VIRTUAL,0.9376
2026-06-20T19:04:56.942825+00:00,base,VVV,0.9053
2026-06-20T19:04:56.942825+00:00,base,WETH,0.34
2026-06-20T19:04:56.942825+00:00,aptos,USDC,0.011
2026-06-20T19:04:56.942825+00:00,aptos,APT,0.0
2026-06-20T19:06:37.057560+00:00,sui,WAL,0.0
2026-06-20T19:06:37.057560+00:00,sui,CETUS,0.4369
2026-06-20T19:06:37.057560+00:00,sui,USDSUI,0.04
2026-06-20T19:06:37.057560+00:00,sui,SUIUSDT,0.0
2026-06-20T19:06:37.057560+00:00,sui,USDC,0.07
2026-06-20T19:06:37.057560+00:00,sui,SUI,0.4701
2026-06-20T19:06:37.057560+00:00,solana,JITOSOL,0.2358
2026-06-20T19:06:37.057560+00:00,solana,JTO,0.0
2026-06-20T19:06:37.057560+00:00,solana,USDG,0.14
2026-06-20T19:06:37.057560+00:00,solana,USDE,0.01
2026-06-20T19:06:37.057560+00:00,solana,TRUMP,0.5587
2026-06-20T19:06:37.057560+00:00,solana,JUP,2.4402
2026-06-20T19:06:37.057560+00:00,solana,PENGU,0.8151
2026-06-20T19:06:37.057560+00:00,solana,BONK,0.022
2026-06-20T19:06:37.057560+00:00,solana,PUMP,0.3679
2026-06-20T19:06:37.057560+00:00,solana,USELESS,0.2664
2026-06-20T19:06:37.057560+00:00,solana,TRIPLET,0.3405
2026-06-20T19:06:37.057560+00:00,solana,MET,0.728
2026-06-20T19:06:37.057560+00:00,solana,FO,0.8044
2026-06-20T19:06:37.057560+00:00,solana,USDC,0.023
2026-06-20T19:06:37.057560+00:00,solana,SOL,0.9653
2026-06-20T19:06:37.057560+00:00,base,CBETH,0.0506
2026-06-20T19:06:37.057560+00:00,base,WEETH,0.7002
2026-06-20T19:06:37.057560+00:00,base,WSTETH,0.2906
2026-06-20T19:06:37.057560+00:00,base,USDC,0.0012
2026-06-20T19:06:37.057560+00:00,base,USDT,0.0902
2026-06-20T19:06:37.057560+00:00,base,EURC,0.0
2026-06-20T19:06:37.057560+00:00,base,NOCK,0.0
2026-06-20T19:06:37.057560+00:00,base,FBOMB,1.2185
2026-06-20T19:06:37.057560+00:00,base,AERO,0.54
2026-06-20T19:06:37.057560+00:00,base,ETH,0.8848
2026-06-20T19:06:37.057560+00:00,base,CBBTC,1.0276
2026-06-20T19:06:37.057560+00:00,base,VIRTUAL,0.8363
2026-06-20T19:06:37.057560+00:00,base,VVV,0.8351
2026-06-20T19:06:37.057560+00:00,base,WETH,0.4035
2026-06-20T19:06:37.057560+00:00,aptos,USDC,0.011
2026-06-20T19:06:37.057560+00:00,aptos,APT,0.0
2026-06-20T19:08:18.078536+00:00,sui,WAL,0.0
2026-06-20T19:08:18.078536+00:00,sui,CETUS,0.4369
2026-06-20T19:08:18.078536+00:00,sui,USDSUI,0.04
2026-06-20T19:08:18.078536+00:00,sui,SUIUSDT,0.0
2026-06-20T19:08:18.078536+00:00,sui,USDC,0.07
2026-06-20T19:08:18.078536+00:00,sui,SUI,0.4701
2026-06-20T19:08:18.078536+00:00,solana,JITOSOL,0.3481
2026-06-20T19:08:18.078536+00:00,solana,JTO,0.0
2026-06-20T19:08:18.078536+00:00,solana,USDG,0.14
2026-06-20T19:08:18.078536+00:00,solana,USDE,0.01
2026-06-20T19:08:18.078536+00:00,solana,TRUMP,0.5587
2026-06-20T19:08:18.078536+00:00,solana,JUP,0.498
2026-06-20T19:08:18.078536+00:00,solana,PENGU,0.8151
2026-06-20T19:08:18.078536+00:00,solana,BONK,0.0
2026-06-20T19:08:18.078536+00:00,solana,PUMP,0.2943
2026-06-20T19:08:18.078536+00:00,solana,USELESS,0.0399
2026-06-20T19:08:18.078536+00:00,solana,TRIPLET,0.1402
2026-06-20T19:08:18.078536+00:00,solana,MET,0.5948
2026-06-20T19:08:18.078536+00:00,solana,FO,0.634
2026-06-20T19:08:18.078536+00:00,solana,USDC,0.023
2026-06-20T19:08:18.078536+00:00,solana,SOL,0.9653
2026-06-20T19:08:18.078536+00:00,base,CBETH,0.0506
2026-06-20T19:08:18.078536+00:00,base,WEETH,0.7002
2026-06-20T19:08:18.078536+00:00,base,WSTETH,0.2906
2026-06-20T19:08:18.078536+00:00,base,USDC,0.0012
2026-06-20T19:08:18.078536+00:00,base,USDT,0.1202
2026-06-20T19:08:18.078536+00:00,base,EURC,0.0
2026-06-20T19:08:18.078536+00:00,base,NOCK,0.0
2026-06-20T19:08:18.078536+00:00,base,FBOMB,1.2185
2026-06-20T19:08:18.078536+00:00,base,AERO,0.3345
2026-06-20T19:08:18.078536+00:00,base,ETH,0.8848
2026-06-20T19:08:18.078536+00:00,base,CBBTC,1.0275
2026-06-20T19:08:18.078536+00:00,base,VIRTUAL,0.8869
2026-06-20T19:08:18.078536+00:00,base,VVV,0.8351
2026-06-20T19:08:18.078536+00:00,base,WETH,0.4268
2026-06-20T19:08:18.078536+00:00,aptos,USDC,0.011
2026-06-20T19:08:18.078536+00:00,aptos,APT,0.0
2026-06-20T19:09:58.516918+00:00,sui,WAL,0.0
2026-06-20T19:09:58.516918+00:00,sui,CETUS,0.4369
2026-06-20T19:09:58.516918+00:00,sui,USDSUI,0.04
2026-06-20T19:09:58.516918+00:00,sui,SUIUSDT,0.0
2026-06-20T19:09:58.516918+00:00,sui,USDC,0.115
2026-06-20T19:09:58.516918+00:00,sui,SUI,0.4701
2026-06-20T19:09:58.516918+00:00,solana,JITOSOL,0.227
2026-06-20T19:09:58.516918+00:00,solana,JTO,0.0
2026-06-20T19:09:58.516918+00:00,solana,USDG,0.0113
2026-06-20T19:09:58.516918+00:00,solana,USDE,0.01
2026-06-20T19:09:58.516918+00:00,solana,TRUMP,0.5587
2026-06-20T19:09:58.516918+00:00,solana,JUP,0.6474
2026-06-20T19:09:58.516918+00:00,solana,PENGU,0.8151
2026-06-20T19:09:58.516918+00:00,solana,BONK,0.0661
2026-06-20T19:09:58.516918+00:00,solana,PUMP,0.3682
2026-06-20T19:09:58.516918+00:00,solana,USELESS,0.2664
2026-06-20T19:09:58.516918+00:00,solana,TRIPLET,0.6249
2026-06-20T19:09:58.516918+00:00,solana,MET,0.5948
2026-06-20T19:09:58.516918+00:00,solana,FO,0.634
2026-06-20T19:09:58.516918+00:00,solana,USDC,0.023
2026-06-20T19:09:58.516918+00:00,solana,SOL,0.9512
2026-06-20T19:09:58.516918+00:00,base,CBETH,0.1248
2026-06-20T19:09:58.516918+00:00,base,WEETH,0.7002
2026-06-20T19:09:58.516918+00:00,base,WSTETH,0.2906
2026-06-20T19:09:58.516918+00:00,base,USDC,0.0012
2026-06-20T19:09:58.516918+00:00,base,USDT,0.1002
2026-06-20T19:09:58.516918+00:00,base,EURC,0.0
2026-06-20T19:09:58.516918+00:00,base,NOCK,0.0
2026-06-20T19:09:58.516918+00:00,base,FBOMB,1.2185
2026-06-20T19:09:58.516918+00:00,base,AERO,0.3715
2026-06-20T19:09:58.516918+00:00,base,ETH,0.8848
2026-06-20T19:09:58.516918+00:00,base,CBBTC,1.0285
2026-06-20T19:09:58.516918+00:00,base,VIRTUAL,0.8363
2026-06-20T19:09:58.516918+00:00,base,VVV,0.8351
2026-06-20T19:09:58.516918+00:00,base,WETH,0.3491
2026-06-20T19:09:58.516918+00:00,aptos,USDC,0.064
2026-06-20T19:09:58.516918+00:00,aptos,APT,0.0
2026-06-20T19:11:39.190668+00:00,sui,WAL,0.0
2026-06-20T19:11:39.190668+00:00,sui,CETUS,0.4369
2026-06-20T19:11:39.190668+00:00,sui,USDSUI,0.04
2026-06-20T19:11:39.190668+00:00,sui,SUIUSDT,0.0
2026-06-20T19:11:39.190668+00:00,sui,USDC,0.06
2026-06-20T19:11:39.190668+00:00,sui,SUI,0.4701
2026-06-20T19:11:39.190668+00:00,solana,JITOSOL,0.1411
2026-06-20T19:11:39.190668+00:00,solana,JTO,0.0298
2026-06-20T19:11:39.190668+00:00,solana,USDG,0.021
2026-06-20T19:11:39.190668+00:00,solana,USDE,0.01
2026-06-20T19:11:39.190668+00:00,solana,TRUMP,0.5587
2026-06-20T19:11:39.190668+00:00,solana,JUP,0.8466
2026-06-20T19:11:39.190668+00:00,solana,PENGU,0.8151
2026-06-20T19:11:39.190668+00:00,solana,BONK,0.0441
2026-06-20T19:11:39.190668+00:00,solana,PUMP,0.3682
2026-06-20T19:11:39.190668+00:00,solana,USELESS,0.2657
2026-06-20T19:11:39.190668+00:00,solana,TRIPLET,1.1218
2026-06-20T19:11:39.190668+00:00,solana,MET,0.727
2026-06-20T19:11:39.190668+00:00,solana,FO,0.634
2026-06-20T19:11:39.190668+00:00,solana,USDC,0.023
2026-06-20T19:11:39.190668+00:00,solana,SOL,0.9936
2026-06-20T19:11:39.190668+00:00,base,CBETH,0.2257
2026-06-20T19:11:39.190668+00:00,base,WEETH,0.7002
2026-06-20T19:11:39.190668+00:00,base,WSTETH,0.2906
2026-06-20T19:11:39.190668+00:00,base,USDC,0.0012
2026-06-20T19:11:39.190668+00:00,base,USDT,0.1102
2026-06-20T19:11:39.190668+00:00,base,EURC,0.0
2026-06-20T19:11:39.190668+00:00,base,NOCK,0.0
2026-06-20T19:11:39.190668+00:00,base,FBOMB,1.2185
2026-06-20T19:11:39.190668+00:00,base,AERO,0.5386
2026-06-20T19:11:39.190668+00:00,base,ETH,0.8848
2026-06-20T19:11:39.190668+00:00,base,CBBTC,1.0293
2026-06-20T19:11:39.190668+00:00,base,VIRTUAL,0.8025
2026-06-20T19:11:39.190668+00:00,base,VVV,0.8351
2026-06-20T19:11:39.190668+00:00,base,WETH,0.34
2026-06-20T19:11:39.190668+00:00,aptos,USDC,0.064
2026-06-20T19:11:39.190668+00:00,aptos,APT,0.0
