t0,chain,token,entry_spread_pct,lo_dex,hi_dex,min_tvl,whale,n_samples,n_pos_after_entry,best_net_pct,actionable
2026-06-20T10:42:52.287258+00:00,solana,SOL,100.1541,meteora,orca,3168263,1,9,0,-0.2077,0
2026-06-20T10:46:10.846672+00:00,solana,HYPE,0.3118,meteora,meteora,256663,1,7,0,-1.0471,0
2026-06-20T10:42:52.287258+00:00,base,AERO,0.5487,aerodrome,uniswap,334014,1,9,2,0.0503,1
2026-06-20T10:42:52.287258+00:00,base,CBBTC,0.48,uniswap,aerodrome,706004,1,9,0,-0.2591,0
2026-06-20T10:51:08.788305+00:00,base,WETH,0.7421,uniswap,quickswap,377485,1,4,0,-0.6134,0
2026-06-20T12:18:17.706180+00:00,solana,MET,1.3643,meteora,meteora,260416,0,9,0,-0.4676,0
2026-06-20T12:21:33.842096+00:00,solana,TRIPLET,1.1792,meteora,pumpswap,275903,1,7,0,-0.7536,0
2026-06-20T12:21:33.842096+00:00,solana,SOL,0.6984,orca,raydium,2441857,1,7,1,0.0327,0
2026-06-20T12:18:17.706180+00:00,base,VVV,0.4096,aerodrome,uniswap,546744,1,9,0,-0.892,0
2026-06-20T12:18:17.706180+00:00,base,WSTETH,0.3846,aerodrome,aerodrome,584729,0,9,0,-0.7897,0
2026-06-20T12:19:55.568104+00:00,base,WETH,0.9206,uniswap,0x03C01Acae3D0173a93d819efDc832C7C4F153B06,387410,1,8,0,-0.6134,0
2026-06-20T12:19:55.568104+00:00,base,FBOMB,0.8333,aerodrome,aerodrome,1110835,0,8,1,0.0557,0
2026-06-20T12:19:55.568104+00:00,base,AERO,0.5095,aerodrome,aerodrome,556030,1,8,0,-0.193,0
2026-06-20T12:19:55.568104+00:00,base,CBBTC,0.3664,uniswap,uniswap,3226215,1,8,0,-0.2094,0
2026-06-20T12:28:04.576163+00:00,base,VIRTUAL,0.3781,uniswap,uniswap,898977,1,3,0,-0.317,0
2026-06-20T14:37:30.137378+00:00,base,WEETH,0.6125,aerodrome,aerodrome,383387,0,7,0,-0.9323,0
2026-06-20T14:37:30.137378+00:00,solana,USDE,1.0108,orca,orca,2168704,0,8,6,0.3259,1
2026-06-20T14:42:31.459059+00:00,solana,PUMP,0.4438,raydium,orca,264985,1,5,0,-0.7402,0
2026-06-20T14:47:32.341502+00:00,solana,WETH,0.7708,raydium,orca,310837,1,2,0,-1.7591,0
2026-06-20T14:47:32.341502+00:00,base,USDT,0.615,aerodrome,aerodrome,359565,1,2,0,-1.5992,0
2026-06-20T14:45:52.411847+00:00,sui,USDSUI,0.3413,turbos-finance,cetus,764226,0,4,0,-0.7612,0
2026-06-20T14:47:32.341502+00:00,sui,SUI,0.9048,momentum,steamm,356605,0,3,0,-1.4396,0
2026-06-20T14:49:12.856977+00:00,sui,USDC,0.4308,turbos-finance,turbos-finance,262965,1,2,0,-1.8206,0
2026-06-20T14:37:30.137378+00:00,solana,JUP,0.8517,meteora,orca,283184,1,9,0,-0.5231,0
2026-06-20T14:37:30.137378+00:00,solana,JITOSOL,0.7615,meteora,orca,1924517,0,9,0,-0.0729,0
2026-06-20T14:39:10.884576+00:00,solana,SOL,0.5371,raydium,raydium,4011061,1,8,1,0.995,0
2026-06-20T14:47:32.341502+00:00,solana,PENGU,0.5353,meteora,pumpswap,1102522,1,3,0,-0.0632,0
2026-06-20T14:47:32.341502+00:00,solana,FARTCOIN ,0.326,raydium,orca,783058,1,3,0,-0.7678,0
2026-06-20T14:49:12.856977+00:00,solana,TRIPLET,1.5989,meteora,pumpswap,265361,1,2,0,-1.5014,0
2026-06-20T14:37:30.137378+00:00,base,CBETH,0.9964,alien-base,alien-base,254163,0,9,0,-1.0789,0
2026-06-20T14:39:10.884576+00:00,base,CBBTC,0.8629,uniswap,aerodrome,700680,1,8,2,0.2147,1
2026-06-20T14:39:10.884576+00:00,base,AERO,0.8398,aerodrome,aerodrome,651788,1,8,3,0.3516,1
2026-06-20T14:40:51.546340+00:00,base,VIRTUAL,0.7536,uniswap,aerodrome,885836,0,7,1,0.3229,0
2026-06-20T14:45:52.411847+00:00,base,WETH,0.3609,0x03C01Acae3D0173a93d819efDc832C7C4F153B06,hydrex,386972,1,4,0,-0.3013,0
2026-06-20T14:47:32.341502+00:00,base,ETH,2.1721,uniswap,uniswap,709822,1,3,2,0.6789,1
2026-06-20T14:47:32.341502+00:00,base,VVV,1.2448,uniswap,aerodrome,539420,0,3,1,0.0018,0
2026-06-20T14:47:32.341502+00:00,base,WSTETH,1.1146,quickswap,aerodrome,256066,0,3,0,-0.6484,0
2026-06-20T14:49:12.856977+00:00,base,FBOMB,1.1676,aerodrome,aerodrome,1110547,0,2,1,1.3545,0
2026-06-20T16:04:57.878498+00:00,solana,JTO,0.9169,orca,orca,1395973,0,2,0,-0.7869,0
2026-06-20T16:13:21.111031+00:00,solana,USDG,0.429,orca,orca,3389052,0,2,0,-0.5806,0
2026-06-20T16:06:38.397522+00:00,solana,SOL,0.6572,raydium,raydium,562783,1,8,1,0.7102,0
2026-06-20T16:09:59.749027+00:00,solana,JUP,0.5871,orca,meteora,286492,1,6,0,-0.4423,0
2026-06-20T16:13:21.111031+00:00,solana,TRUMP,0.5587,meteora,raydium,880597,0,4,0,-0.0434,0
2026-06-20T16:15:01.476668+00:00,solana,TRIPLET,0.8239,pumpswap,meteora,299908,1,3,0,-1.0697,0
2026-06-20T16:15:01.476668+00:00,solana,BUTTCOIN,0.3361,pumpswap,meteora,261563,1,3,0,-0.1101,0
2026-06-20T16:06:38.397522+00:00,base,FBOMB,2.2131,aerodrome,aerodrome,1120051,0,8,7,1.3545,1
2026-06-20T16:06:38.397522+00:00,base,CBBTC,1.6432,uniswap,aerodrome,431300,1,8,5,0.1878,1
2026-06-20T16:06:38.397522+00:00,base,VIRTUAL,1.1549,uniswap,aerodrome,1152191,1,8,5,0.4564,1
2026-06-20T16:06:38.397522+00:00,base,AERO,0.5527,aerodrome,aerodrome,832677,1,8,0,-0.7138,0
2026-06-20T16:06:38.397522+00:00,base,WETH,0.4901,uniswap,uniswap,728259,1,8,0,-0.5607,0
2026-06-20T17:46:07.234529+00:00,sui,CETUS,0.44,cetus,cetus,442468,0,8,0,-1.0731,0
2026-06-20T17:44:30.454595+00:00,solana,FO,0.634,meteora,meteora,2504969,0,9,0,-0.0262,0
2026-06-20T17:44:30.454595+00:00,solana,PUMP,0.3704,orca,pumpswap,437939,1,9,0,-1.0435,0
2026-06-20T17:46:07.234529+00:00,solana,JUP,0.8828,meteora,meteora,410779,1,8,1,0.6608,0
2026-06-20T17:46:07.234529+00:00,solana,SOL,0.6659,orca,meteora,691841,1,8,0,-0.146,0
2026-06-20T17:49:21.040323+00:00,solana,USDG,0.6193,orca,orca,3384107,0,6,3,12.3697,1
2026-06-20T17:52:34.540252+00:00,solana,MET,0.9973,meteora,meteora,760738,1,4,1,0.0339,0
2026-06-20T17:44:30.454595+00:00,base,WEETH,0.9496,aerodrome,aerodrome,384518,0,9,0,-0.5922,0
2026-06-20T17:46:07.234529+00:00,base,AERO,1.1723,aerodrome,aerodrome,929911,1,8,0,-0.0035,0
2026-06-20T17:46:07.234529+00:00,base,CBBTC,0.8734,uniswap,aerodrome,430165,1,8,0,-0.4025,0
2026-06-20T17:46:07.234529+00:00,base,VIRTUAL,0.702,uniswap,aerodrome,888227,1,8,0,-0.2163,0
2026-06-20T17:46:07.234529+00:00,base,WETH,0.6596,hydrex,0x03C01Acae3D0173a93d819efDc832C7C4F153B06,387540,1,8,0,-0.6723,0
2026-06-20T19:01:36.363214+00:00,solana,SOL,3.692,raydium,pumpswap,552392,1,8,1,0.1472,0
2026-06-20T19:01:36.363214+00:00,solana,JUP,2.4402,meteora,meteora,410779,0,8,3,0.966,1
2026-06-20T19:01:36.363214+00:00,base,CBBTC,1.0289,uniswap,aerodrome,430165,1,8,0,-0.3307,0
2026-06-20T19:03:16.851794+00:00,base,VIRTUAL,0.9376,uniswap,aerodrome,416188,1,7,0,-0.1158,0
2026-06-20T19:04:56.942825+00:00,base,WETH,0.34,uniswap,uniswap,728247,1,6,0,-0.7017,0
2026-06-20T19:08:18.078536+00:00,base,AERO,0.3345,aerodrome,uniswap,361705,1,4,0,-0.3879,0
2026-06-20T20:20:34.609720+00:00,solana,SOL,1.5196,raydium,raydium,566016,1,6,1,0.3124,0
2026-06-20T20:20:34.609720+00:00,solana,MET,1.0381,meteora,meteora,260677,1,6,0,-0.0022,0
2026-06-20T20:20:34.609720+00:00,base,CBBTC,1.1252,uniswap,aerodrome,430165,1,6,0,-0.3265,0
2026-06-20T20:20:34.609720+00:00,base,WETH,0.3837,uniswap,0x03C01Acae3D0173a93d819efDc832C7C4F153B06,387446,1,6,0,-1.1403,0
2026-06-20T20:25:31.198858+00:00,base,AERO,0.5968,aerodrome,aerodrome,907594,1,3,0,-0.0369,0
2026-06-20T21:47:21.567084+00:00,solana,USDG,9.9791,orca,orca,3531237,1,3,0,-0.552,0
2026-06-20T21:44:08.503097+00:00,solana,POPCAT,0.5631,raydium,raydium,566997,0,7,0,-0.6207,0
2026-06-20T21:47:21.567084+00:00,sui,USDC,0.3549,turbos-finance,cetus,261544,1,7,0,-1.1469,0
2026-06-20T21:44:08.503097+00:00,solana,FARTCOIN ,0.4946,raydium,orca,775596,0,9,0,-0.4387,0
2026-06-20T21:44:08.503097+00:00,solana,JUP,0.4369,meteora,orca,288664,1,9,0,-0.5523,0
2026-06-20T21:45:45.028055+00:00,solana,MET,1.6358,meteora,meteora,256520,0,8,1,0.145,0
2026-06-20T21:44:08.503097+00:00,base,ETH,1.4113,uniswap,uniswap,355308,0,9,1,0.5462,0
2026-06-20T21:44:08.503097+00:00,base,WSTETH,0.7168,aerodrome,aerodrome,585116,0,9,0,-0.1763,0
2026-06-20T21:44:08.503097+00:00,base,CBETH,0.5715,alien-base,hydrex,254163,0,9,0,-1.0796,0
2026-06-20T21:44:08.503097+00:00,base,VIRTUAL,0.3491,uniswap,aerodrome,504207,1,9,0,-0.8937,0
2026-06-20T21:45:45.028055+00:00,base,CBBTC,0.8687,uniswap,aerodrome,430165,1,8,0,-0.3008,0
2026-06-20T21:45:45.028055+00:00,base,WETH,0.3305,0x03C01Acae3D0173a93d819efDc832C7C4F153B06,hydrex,387401,1,8,0,-0.4739,0
2026-06-20T22:49:22.371154+00:00,solana,MSOL,3.4653,orca,meteora,258563,0,3,1,1.4178,0
2026-06-20T22:52:45.639734+00:00,sui,USDC,0.373,turbos-finance,cetus,333373,1,7,0,-0.8941,0
2026-06-20T22:52:45.639734+00:00,sui,USDSUI,0.3011,turbos-finance,bluefin,480533,0,7,0,-0.9076,0
2026-06-20T22:49:22.371154+00:00,solana,SOL,0.6812,meteora,raydium,570254,1,9,0,-0.0633,0
2026-06-20T22:49:22.371154+00:00,solana,JITOSOL,0.5449,orca,meteora,352695,0,9,0,-0.1952,0
2026-06-20T22:51:04.113643+00:00,solana,JUP,0.3283,meteora,meteora,411560,1,8,0,-0.4332,0
2026-06-20T22:49:22.371154+00:00,base,AERO,0.6697,aerodrome,aerodrome,542679,1,9,0,-0.2957,0
2026-06-20T22:51:04.113643+00:00,base,CBBTC,1.1306,uniswap,aerodrome,430165,1,8,0,-0.1507,0
2026-06-20T22:51:04.113643+00:00,base,WETH,0.6019,uniswap,pancakeswap,729227,1,8,0,-0.3522,0
2026-06-20T22:52:45.639734+00:00,base,VIRTUAL,0.7232,aerodrome,uniswap,1160636,1,7,3,0.0748,1
2026-06-20T23:57:33.471713+00:00,solana,MET,0.6854,meteora,meteora,811240,1,2,0,-0.9936,0
2026-06-20T23:57:33.471713+00:00,solana,BONK,0.4559,meteora,meteora,310615,0,9,0,-0.9431,0
2026-06-20T23:59:15.169874+00:00,solana,JUP,0.6683,meteora,meteora,411150,1,8,1,0.1033,0
2026-06-21T00:04:21.097004+00:00,solana,MET,1.0101,meteora,meteora,840207,1,5,0,-0.2104,0
2026-06-21T00:06:03.545833+00:00,solana,SOL,0.6287,orca,raydium,568608,1,4,1,0.2036,0
2026-06-21T00:00:56.619286+00:00,base,WETH,0.6764,uniswap,0x03C01Acae3D0173a93d819efDc832C7C4F153B06,387633,1,7,0,-0.527,0
2026-06-21T00:02:38.891635+00:00,base,CBBTC,1.1356,uniswap,quickswap,260295,1,6,0,-0.2148,0
2026-06-21T00:04:21.097004+00:00,base,CBETH,0.4017,aerodrome,pancakeswap,303746,1,5,0,-1.4652,0
2026-06-21T00:49:21.013988+00:00,solana,PUMP,0.7785,meteora,orca,459276,0,20,0,-0.22,0
2026-06-21T00:50:55.808340+00:00,solana,JUP,1.5767,meteora,meteora,411132,1,20,4,0.8677,1
2026-06-21T00:50:55.808340+00:00,solana,SOL,0.6311,meteora,raydium,568145,1,20,2,0.5,1
2026-06-21T00:50:55.808340+00:00,base,CBBTC,1.2166,uniswap,aerodrome,430165,1,20,0,-0.1322,0
2026-06-21T00:50:55.808340+00:00,base,WETH,0.5263,uniswap,uniswap,724922,1,20,0,-0.527,0
2026-06-21T00:52:30.363063+00:00,solana,TRIPLET,1.4046,pumpswap,meteora,286418,0,20,2,0.1508,1
2026-06-21T00:57:14.494189+00:00,base,AERO,0.4541,aerodrome,uniswap,370069,1,20,1,0.1419,0
2026-06-21T01:30:50.051004+00:00,sui,SUI,0.3246,steamm,momentum,355322,0,2,0,-1.5985,0
2026-06-21T01:09:07.465551+00:00,sui,USDSUI,0.4104,bluefin,turbos-finance,395857,1,16,0,-0.5857,0
2026-06-21T01:23:40.437506+00:00,solana,PUMP,1.9732,pumpswap,meteora,1435398,1,12,0,-0.217,0
2026-06-21T01:12:21.926099+00:00,base,VIRTUAL,0.346,aerodrome,uniswap,422341,1,18,0,-0.7157,0
2026-06-21T01:17:12.990353+00:00,solana,MET,1.8496,meteora,meteora,262471,0,17,1,0.0148,0
2026-06-21T01:17:12.990353+00:00,solana,USDG,0.9101,orca,orca,3439890,0,17,0,-0.2071,0
2026-06-21T01:22:03.559865+00:00,solana,JITOSOL,0.534,orca,meteora,350703,0,17,0,-0.2803,0
2026-06-21T01:23:40.437506+00:00,solana,JUP,0.9818,meteora,meteora,411763,1,16,4,0.1751,1
2026-06-21T01:23:40.437506+00:00,solana,SOL,0.508,meteora,raydium,1650225,1,17,5,0.5805,1
2026-06-21T01:30:50.051004+00:00,solana,TRIPLET,0.7891,pumpswap,meteora,312462,1,17,0,-0.1928,0
2026-06-21T01:32:27.948194+00:00,base,AERO,0.7652,aerodrome,uniswap,370067,1,17,0,-0.0961,0
2026-06-21T01:35:43.787527+00:00,base,WETH,0.4049,uniswap,aerodrome,724813,1,17,0,-0.6338,0
2026-06-21T01:35:43.787527+00:00,base,CBBTC,0.3727,aerodrome,uniswap,705812,1,17,0,-0.7046,0
2026-06-21T01:37:21.553238+00:00,sui,SUI,0.3811,steamm,momentum,355322,0,17,0,-0.8928,0
2026-06-21T02:00:59.384319+00:00,solana,TRUMP,0.5556,orca,meteora,896964,0,6,0,-0.0487,0
2026-06-21T01:47:22.009990+00:00,base,VIRTUAL,0.5274,aerodrome,uniswap,422892,0,18,0,-0.3199,0
2026-06-21T01:55:51.054813+00:00,solana,JUP,0.5119,orca,meteora,290931,1,14,0,-1.1934,0
2026-06-21T02:04:24.996512+00:00,base,AERO,1.3269,aerodrome,uniswap,367973,1,18,4,0.3036,1
2026-06-21T02:07:48.672271+00:00,base,WETH,0.42,uniswap,aerodrome,725755,1,18,0,-0.6229,0
2026-06-21T02:15:35.708793+00:00,solana,SOL,1.9225,orca,raydium,571523,1,17,10,0.8464,1
2026-06-21T02:17:13.454033+00:00,sui,CETUS,0.5423,cetus,cetus,445711,0,18,0,-0.8561,0
2026-06-21T02:18:51.582947+00:00,base,ETH,1.4723,uniswap,uniswap,711968,0,18,2,0.409,1
2026-06-21T02:35:50.240190+00:00,solana,UMBRA,0.8402,meteora,metadao,507075,0,12,0,-1.1397,0
2026-06-21T02:30:51.158947+00:00,solana,MET,0.6683,meteora,meteora,667370,1,17,0,-0.0045,0
2026-06-21T02:40:49.842943+00:00,base,WETH,0.4298,uniswap,uniswap,725755,1,18,0,-0.6229,0
2026-06-21T03:12:02.495481+00:00,solana,USDC,0.6084,raydium,meteora,1041943,0,2,0,-0.8646,0
2026-06-21T02:50:20.546537+00:00,base,CBBTC,0.3146,uniswap,aerodrome,433216,0,17,0,-0.1686,0
2026-06-21T02:51:54.777025+00:00,solana,SOL,0.492,raydium,raydium,567432,1,17,2,10.85,1
2026-06-21T03:04:08.421008+00:00,sui,SUI,0.3106,steamm,momentum,355252,0,12,0,-1.2881,0
2026-06-21T02:55:03.275600+00:00,solana,JUP,0.5955,meteora,meteora,411974,1,17,0,-0.4164,0
2026-06-21T02:56:37.723550+00:00,solana,HYPE,0.8484,orca,meteora,343566,1,17,0,-0.2789,0
2026-06-21T03:24:12.686594+00:00,sui,USDC,0.3157,turbos-finance,cetus,641872,0,4,0,-0.8989,0
2026-06-21T03:25:54.824155+00:00,solana,TRUMP,0.5556,meteora,meteora,3856600,0,3,0,-0.0487,0
2026-06-21T03:04:08.421008+00:00,base,CBETH,0.3136,aerodrome,alien-base,255804,0,18,0,-0.9152,0
2026-06-21T03:10:27.910784+00:00,solana,MET,1.8462,meteora,meteora,251506,1,18,2,0.0053,1
2026-06-21T03:22:29.650851+00:00,sui,CETUS,0.5972,cetus,cetus,445459,0,13,0,-0.9105,0
2026-06-21T03:12:02.495481+00:00,solana,JITOSOL,0.3561,raydium,orca,352459,0,18,0,-0.3504,0
2026-06-21T03:17:22.302803+00:00,solana,PENGU,0.3122,pumpswap,orca,1110292,0,16,0,-0.0579,0
2026-06-21T03:19:04.596985+00:00,solana,FO,0.378,meteora,meteora,2528434,0,15,0,-0.2807,0
2026-06-21T03:24:12.686594+00:00,solana,SOL,0.5309,raydium,raydium,570086,1,12,0,-0.0064,0
2026-06-21T03:15:39.146531+00:00,base,WETH,0.3703,uniswap,uniswap,725755,1,17,0,-0.6633,0
2026-06-21T03:15:39.146531+00:00,base,VIRTUAL,0.3132,uniswap,aerodrome,497189,0,17,0,-0.1713,0
2026-06-21T03:22:29.650851+00:00,base,CBBTC,0.7262,aerodrome,hydrex,349258,1,13,0,-0.2215,0
2026-06-21T03:54:13.997089+00:00,solana,POPCAT,0.5579,raydium,raydium,580916,0,2,0,-1.1446,0
2026-06-21T03:25:54.824155+00:00,base,AERO,1.0792,uniswap,aerodrome,366140,1,13,0,-0.0517,0
2026-06-21T03:27:37.745171+00:00,solana,ORE,0.7545,meteora,orca,266522,1,13,0,-1.2468,0
2026-06-21T03:30:45.165436+00:00,solana,JUP,0.9507,meteora,meteora,471266,1,13,2,0.5937,1
2026-06-21T03:30:45.165436+00:00,solana,HYPE,0.3002,meteora,meteora,344719,1,13,0,-0.3934,0
2026-06-21T03:32:19.848981+00:00,sui,SUI,0.522,momentum,steamm,356339,0,13,0,-1.1015,0
2026-06-21T04:04:24.628757+00:00,solana,POPCAT,0.5584,raydium,raydium,580673,0,5,0,-0.7795,0
2026-06-21T03:55:54.038214+00:00,base,CBBTC,0.8056,aerodrome,quickswap,260285,1,13,1,0.034,0
2026-06-21T04:04:24.628757+00:00,solana,JUP,1.2745,meteora,meteora,412366,1,13,2,0.225,1
2026-06-21T04:04:24.628757+00:00,base,VIRTUAL,0.9552,aerodrome,uniswap,424228,1,13,1,0.0596,0
2026-06-21T04:04:24.628757+00:00,base,AERO,0.8555,aerodrome,aerodrome,969807,1,13,8,0.4664,1
2026-06-21T04:26:48.441491+00:00,solana,USDG,0.3357,orca,orca,3446146,0,10,0,-0.4065,0
2026-06-21T04:38:03.366618+00:00,sui,USDC,0.3378,turbos-finance,cetus,641878,0,6,0,-0.9771,0
2026-06-21T04:18:45.104025+00:00,solana,SOL,2.6518,meteora,raydium,573425,1,19,9,0.2956,1
2026-06-21T04:21:57.985259+00:00,base,WETH,0.3853,uniswap,uniswap,725755,1,19,0,-0.6581,0
2026-06-21T04:25:11.796443+00:00,solana,POPCAT,0.749,raydium,raydium,583940,0,19,0,-0.4365,0
2026-06-21T04:25:11.796443+00:00,solana,HYPE,0.5016,orca,meteora,874221,1,19,0,-0.4564,0
2026-06-21T04:30:02.814935+00:00,solana,JITOSOL,0.6373,orca,meteora,351882,0,18,0,-0.4854,0
2026-06-21T04:30:54.918656+00:00,solana,PENGU,0.3978,orca,pumpswap,1119410,0,17,0,-0.2739,0
2026-06-21T04:28:26.137771+00:00,base,CBBTC,0.7091,aerodrome,hydrex,708182,1,19,0,-0.3432,0
2026-06-21T04:36:16.129180+00:00,solana,JUP,1.834,meteora,orca,298543,1,18,6,0.3167,1
2026-06-21T04:38:03.366618+00:00,solana,MET,0.8955,meteora,meteora,255445,1,18,1,0.0147,0
2026-06-21T04:38:03.366618+00:00,base,AERO,1.1979,aerodrome,aerodrome,1370517,1,18,9,0.4046,1
2026-06-21T04:38:03.366618+00:00,base,VIRTUAL,0.9507,aerodrome,aerodrome,500419,1,18,0,-0.092,0
2026-06-21T05:02:41.110533+00:00,solana,ORE,1.2068,meteora,orca,259333,0,10,0,-0.7003,0
2026-06-21T05:02:41.110533+00:00,solana,HYPE,0.4185,meteora,orca,877692,1,10,0,-0.2136,0
2026-06-21T04:47:26.216738+00:00,base,ETH,1.6259,uniswap,uniswap,356061,0,18,17,0.001,1
2026-06-21T04:52:47.504332+00:00,sui,USDSUI,0.3503,cetus,turbos-finance,817201,0,18,0,-0.6432,0
2026-06-21T04:52:47.504332+00:00,solana,SOL,0.6271,orca,meteora,656293,1,18,3,0.7931,1
2026-06-21T05:02:41.110533+00:00,base,CBBTC,0.3624,aerodrome,uniswap,434437,1,18,0,-0.5047,0
2026-06-21T05:09:19.621474+00:00,solana,USDG,0.4616,orca,orca,3433948,0,15,2,0.0614,1
2026-06-21T05:06:00.269983+00:00,base,WETH,0.304,pancakeswap,0x03C01Acae3D0173a93d819efDc832C7C4F153B06,387587,1,18,0,-1.0317,0
2026-06-21T05:09:19.621474+00:00,solana,JUP,1.7841,meteora,meteora,412370,1,18,3,28.6883,1
2026-06-21T05:12:38.477547+00:00,solana,MET,1.1435,meteora,meteora,678043,1,18,2,0.0958,1
2026-06-21T05:20:27.772895+00:00,solana,ZERO,1.2174,meteora,pumpswap,305744,1,14,0,-0.1601,0
2026-06-21T05:17:14.096420+00:00,solana,POPCAT,0.6024,raydium,raydium,580207,0,17,0,-0.5041,0
2026-06-21T05:17:14.096420+00:00,solana,PENGU,0.5929,meteora,orca,2329670,0,17,0,-0.0793,0
2026-06-21T05:17:14.096420+00:00,solana,FO,0.549,meteora,meteora,2507473,0,17,0,-0.111,0
2026-06-21T05:25:17.618648+00:00,solana,TRUMP,0.5587,meteora,meteora,3841205,0,12,0,-0.046,0
2026-06-21T05:25:17.618648+00:00,solana,SOL,0.7837,meteora,raydium,567961,1,17,3,26.1837,1
2026-06-21T05:38:45.031247+00:00,base,AERO,1.2454,uniswap,aerodrome,365611,1,17,2,0.1789,1
2026-06-21T05:41:54.699616+00:00,solana,JUP,0.4184,orca,meteora,291794,1,17,0,-0.4997,0
2026-06-21T05:41:54.699616+00:00,base,VIRTUAL,0.3287,uniswap,uniswap,422904,1,17,0,-0.6506,0
2026-06-21T05:45:40.884468+00:00,solana,USDE,0.4704,orca,orca,2146899,0,18,0,-0.1963,0
2026-06-21T05:47:22.082158+00:00,solana,MET,0.8949,meteora,meteora,265865,1,18,3,0.0523,1
2026-06-21T05:54:09.325118+00:00,solana,ZERO,1.2797,meteora,pumpswap,309811,1,18,10,3.0092,1
2026-06-21T06:00:55.993617+00:00,solana,JITOSOL,1.1086,orca,meteora,349286,0,18,0,-0.5186,0
2026-06-21T06:00:55.993617+00:00,solana,FO,0.634,meteora,meteora,2505584,0,18,17,0.1014,1
2026-06-21T06:00:55.993617+00:00,base,WETH,0.4905,aerodrome,0x03C01Acae3D0173a93d819efDc832C7C4F153B06,267433,0,18,0,-1.0436,0
2026-06-21T06:00:55.993617+00:00,base,CBBTC,0.3262,uniswap,uniswap,434437,1,18,0,-0.5637,0
2026-06-21T06:17:18.376279+00:00,base,VIRTUAL,0.3628,uniswap,aerodrome,421159,1,18,0,-0.3376,0
2026-06-21T06:20:33.309591+00:00,base,AERO,0.4926,aerodrome,aerodrome,606934,1,18,0,-0.2931,0
2026-06-21T06:25:25.836188+00:00,solana,JUP,0.6524,orca,meteora,292470,1,17,0,-0.9601,0
2026-06-21T06:32:33.257140+00:00,solana,ZERO,2.6242,meteora,pumpswap,314951,1,14,12,3.1029,1
2026-06-21T06:27:03.131819+00:00,solana,SOL,2.3649,meteora,raydium,572429,1,18,3,3.6352,1
2026-06-21T06:30:55.652512+00:00,base,BRETT,0.6312,aerodrome,uniswap,726956,0,17,0,-0.2967,0
2026-06-21T06:32:33.257140+00:00,solana,MET,0.5389,meteora,meteora,256427,1,17,0,-0.0967,0
2026-06-21T06:55:23.573404+00:00,solana,TRIPLET,0.621,pumpswap,meteora,307123,1,4,1,0.1342,0
2026-06-21T06:34:10.719803+00:00,base,WETH,0.4823,uniswap,0x03C01Acae3D0173a93d819efDc832C7C4F153B06,387587,1,17,0,-0.5566,0
2026-06-21T06:35:48.280305+00:00,base,CBBTC,0.5016,uniswap,aerodrome,709383,1,17,0,-0.048,0
2026-06-21T06:37:25.715322+00:00,sui,USDC,0.366,turbos-finance,cetus,641878,0,17,0,-0.7503,0
2026-06-21T07:09:19.749027+00:00,solana,TRIPLET,0.4643,pumpswap,meteora,302013,1,3,0,-1.5505,0
2026-06-21T06:57:01.072998+00:00,solana,TRUMP,0.5587,meteora,raydium,880649,0,14,0,-0.3961,0
2026-06-21T07:18:52.265345+00:00,solana,TRIPLET,0.6936,pumpswap,meteora,301395,1,4,0,-1.5808,0
2026-06-21T06:57:01.072998+00:00,base,AERO,1.0911,aerodrome,aerodrome,867244,1,18,2,0.0784,1
2026-06-21T07:30:50.673756+00:00,sui,SUI,0.4389,momentum,steamm,355587,0,2,0,-0.6837,0
2026-06-21T07:05:58.099973+00:00,solana,FO,0.8471,meteora,meteora,2501286,0,18,2,0.2721,1
2026-06-21T07:09:19.749027+00:00,solana,SOL,0.8937,meteora,orca,650407,1,17,6,0.5914,1
2026-06-21T07:10:58.904394+00:00,base,CBBTC,0.6183,uniswap,aerodrome,710316,1,17,0,-0.291,0
2026-06-21T07:23:41.993934+00:00,base,VIRTUAL,0.7605,aerodrome,aerodrome,494626,1,17,0,-0.3691,0
2026-06-21T07:32:33.340557+00:00,base,AERO,0.5188,aerodrome,aerodrome,600030,1,17,0,-0.0277,0
2026-06-21T07:34:15.415047+00:00,solana,MET,0.7747,meteora,meteora,661957,1,18,0,-0.0246,0
2026-06-21T07:41:03.667560+00:00,solana,SOL,0.5198,meteora,raydium,568710,1,18,0,-0.26,0
2026-06-21T07:45:38.045116+00:00,base,CBBTC,0.4809,uniswap,aerodrome,709396,1,17,0,-0.3017,0
2026-06-21T07:55:35.797938+00:00,sui,SUI,0.3666,momentum,steamm,356219,0,15,0,-1.1045,0
2026-06-21T07:53:56.367337+00:00,base,CBETH,0.3341,hydrex,alien-base,255909,0,18,0,-1.5707,0
2026-06-21T07:55:35.797938+00:00,base,VIRTUAL,0.4956,aerodrome,aerodrome,494696,1,18,0,-0.2651,0
2026-06-21T07:55:35.797938+00:00,base,WETH,0.3023,pancakeswap,0x03C01Acae3D0173a93d819efDc832C7C4F153B06,387601,0,18,0,-0.2696,0
2026-06-21T07:57:15.329662+00:00,solana,UMBRA,0.4537,meteora,metadao,493304,0,18,0,-0.6401,0
2026-06-21T08:07:25.788279+00:00,solana,MET,1.0143,meteora,meteora,263043,1,13,2,0.0044,1
2026-06-21T08:05:49.290719+00:00,base,AERO,0.9143,aerodrome,uniswap,362513,1,14,0,-0.4058,0
2026-06-21T08:12:15.611223+00:00,sui,CETUS,0.4369,cetus,cetus,445063,0,13,0,-0.7463,0
2026-06-21T08:41:57.546607+00:00,solana,USDG,0.7001,orca,orca,3429923,0,3,0,-0.5243,0
2026-06-21T08:15:38.209755+00:00,solana,SOL,2.0876,meteora,raydium,571989,1,14,7,2.7056,1
2026-06-21T08:17:17.415861+00:00,base,CBBTC,0.7938,aerodrome,aerodrome,709594,1,14,0,-0.1321,0
2026-06-21T08:38:49.021669+00:00,base,VIRTUAL,0.9338,uniswap,aerodrome,890294,1,14,0,-0.017,0
2026-06-21T08:38:49.021669+00:00,base,CBETH,0.7272,aerodrome,alien-base,255909,0,14,0,-1.3374,0
2026-06-21T08:38:49.021669+00:00,base,WETH,0.6236,0x03C01Acae3D0173a93d819efDc832C7C4F153B06,uniswap,387573,1,14,0,-0.91,0
2026-06-21T08:40:22.864410+00:00,solana,MET,0.8701,meteora,meteora,265691,1,14,1,0.2181,0
2026-06-21T08:48:15.853136+00:00,solana,SOL,3.9167,raydium,meteora,562922,1,13,10,2.2474,1
2026-06-21T08:49:50.285695+00:00,base,CBBTC,0.8288,aerodrome,aerodrome,707067,1,13,0,-0.7181,0
2026-06-21T09:22:18.026766+00:00,solana,TRUMP,0.5587,meteora,meteora,3838150,0,7,0,-0.0461,0
2026-06-21T09:05:22.389520+00:00,base,AERO,0.4119,aerodrome,uniswap,359683,1,18,2,0.1729,1
2026-06-21T09:27:16.734494+00:00,solana,FARTCOIN ,0.5627,raydium,orca,448611,0,6,0,-0.2786,0
2026-06-21T09:13:42.017312+00:00,solana,MET,2.029,meteora,meteora,266080,1,18,0,-0.0045,0
2026-06-21T09:17:19.964743+00:00,base,WETH,0.3588,quickswap,uniswap,393079,1,18,0,-0.6452,0
2026-06-21T09:42:27.422008+00:00,solana,USDC,2.6159,meteora,orca,1041330,1,5,3,1.7312,1
2026-06-21T09:20:38.478460+00:00,solana,SOL,0.5481,raydium,raydium,568318,1,18,3,0.0815,1
2026-06-21T09:22:18.026766+00:00,base,CBBTC,0.5173,quickswap,aerodrome,272735,1,18,0,-0.9694,0
2026-06-21T09:30:50.482172+00:00,solana,ZERO,7.765,pumpswap,meteora,347057,1,17,14,6.2538,1
2026-06-21T09:30:50.482172+00:00,solana,JUP,0.5505,meteora,meteora,595561,1,17,0,-0.4632,0
2026-06-21T09:32:30.355155+00:00,solana,PENGU,0.4582,orca,meteora,2327275,0,17,15,0.3224,1
2026-06-21T09:39:07.909499+00:00,solana,BONK,0.3487,meteora,meteora,311275,0,18,0,-1.2805,0
2026-06-21T09:40:47.872757+00:00,base,VIRTUAL,0.5287,aerodrome,aerodrome,496126,1,18,0,-0.4371,0
2026-06-21T09:47:12.694054+00:00,solana,MET,1.0303,meteora,meteora,830967,1,17,0,-0.0135,0
2026-06-21T09:50:23.875169+00:00,solana,GIGA,1.3074,raydium,meteora,268219,1,17,0,-0.8733,0
2026-06-21T09:53:34.675532+00:00,solana,SOL,0.7858,raydium,meteora,659385,1,17,2,0.2516,1
2026-06-21T09:53:34.675532+00:00,solana,JITOSOL,0.5381,meteora,orca,2008979,0,17,2,0.0254,1
2026-06-21T09:56:45.796013+00:00,base,CBBTC,0.5039,aerodrome,pancakeswap,704325,1,17,0,-0.2332,0
2026-06-21T10:18:58.074049+00:00,solana,TRUMP,0.5495,meteora,meteora,3887578,0,7,0,-0.0539,0
2026-06-21T10:02:36.597191+00:00,solana,ZERO,2.6265,pumpswap,meteora,338194,1,18,13,3.3376,1
2026-06-21T10:02:36.597191+00:00,base,AERO,0.746,aerodrome,aerodrome,2534520,1,18,4,0.0943,1
2026-06-21T10:07:22.663146+00:00,solana,JUP,0.6739,meteora,meteora,412382,1,17,0,-0.3094,0
2026-06-21T10:15:40.324001+00:00,base,WETH,0.3581,uniswap,0x03C01Acae3D0173a93d819efDc832C7C4F153B06,387586,1,18,0,-1.1521,0
2026-06-21T10:20:37.131299+00:00,base,WEETH,0.424,aerodrome,aerodrome,362504,0,18,0,-1.181,0
2026-06-21T10:25:33.418866+00:00,solana,POPCAT,0.6821,raydium,raydium,591991,0,16,0,-0.4733,0
2026-06-21T10:25:33.418866+00:00,solana,PENGU,1.4332,pumpswap,meteora,1113861,0,18,17,0.5736,1
2026-06-21T10:25:33.418866+00:00,solana,JITOSOL,1.0466,meteora,orca,2008979,0,18,16,0.3221,1
2026-06-21T10:25:33.418866+00:00,solana,SOL,0.6767,meteora,raydium,572238,1,18,8,1.1477,1
2026-06-21T10:34:09.002183+00:00,solana,USDG,13.8293,orca,orca,3458664,1,17,10,1.9762,1
2026-06-21T10:34:09.002183+00:00,base,CBBTC,0.746,aerodrome,pancakeswap,704004,1,17,0,-0.3067,0
2026-06-21T10:42:19.248906+00:00,solana,MET,1.5237,meteora,meteora,308140,1,18,0,-0.2479,0
2026-06-21T10:47:13.556782+00:00,solana,JUP,1.1602,meteora,meteora,412752,1,18,4,0.3723,1
2026-06-21T10:50:27.053043+00:00,solana,ZERO,1.8421,pumpswap,meteora,338570,1,18,14,3.1205,1
2026-06-21T10:50:27.053043+00:00,solana,FO,0.5657,meteora,meteora,2434752,0,18,11,0.2957,1
2026-06-21T10:53:39.861451+00:00,solana,GIGA,1.3832,raydium,meteora,268219,0,18,0,-0.4188,0
2026-06-21T10:56:52.454750+00:00,base,CBETH,0.6186,aerodrome,alien-base,255909,0,18,0,-1.1656,0
2026-06-21T11:00:58.233631+00:00,solana,SOL,0.5964,orca,raydium,571569,1,20,2,0.5546,1
2026-06-21T11:00:58.233631+00:00,base,VIRTUAL,0.4461,aerodrome,uniswap,901551,1,20,0,-0.3196,0
2026-06-21T11:00:58.233631+00:00,base,AERO,0.4088,aerodrome,uniswap,875951,1,20,0,-0.0267,0
2026-06-21T11:05:44.473102+00:00,base,CBBTC,0.6014,aerodrome,pancakeswap,705397,1,20,0,-0.2548,0
2026-06-21T11:07:19.918341+00:00,base,WETH,0.3124,quickswap,0x03C01Acae3D0173a93d819efDc832C7C4F153B06,387590,1,20,0,-0.3841,0
2026-06-21T11:20:24.260972+00:00,solana,BONK,0.9613,meteora,meteora,309477,0,15,0,-0.8317,0
2026-06-21T11:20:24.260972+00:00,solana,JUP,0.4968,meteora,meteora,412377,1,15,0,-0.4718,0
2026-06-21T11:20:24.260972+00:00,base,ETH,1.6259,uniswap,uniswap,356061,1,15,14,0.001,1
2026-06-21T11:26:45.830414+00:00,solana,ZERO,1.0803,pumpswap,meteora,299914,1,15,7,8.6241,1
2026-06-21T11:33:43.359253+00:00,solana,SOL,0.5054,orca,raydium,2469658,1,13,3,0.3659,1
2026-06-21T11:49:56.948721+00:00,solana,POPCAT,1.1554,raydium,raydium,595994,0,11,0,-0.2869,0
2026-06-21T11:59:20.312808+00:00,solana,JUP,0.4515,meteora,meteora,412377,1,5,0,-0.4849,0
2026-06-21T12:00:54.002080+00:00,solana,ZERO,7.2371,pumpswap,meteora,300705,1,4,2,6.8784,1
2026-06-21T11:49:56.948721+00:00,sui,CETUS,0.4953,cetus,cetus,443491,0,12,0,-0.7447,0
2026-06-21T12:17:19.623808+00:00,solana,TRUMP,0.5319,meteora,meteora,3979257,1,3,0,-0.4082,0
2026-06-21T11:49:56.948721+00:00,base,WETH,0.5394,uniswap,uniswap,723306,1,12,0,-0.1736,0
2026-06-21T11:51:30.160607+00:00,solana,MET,0.9487,meteora,meteora,311638,1,12,4,0.441,1
2026-06-21T11:51:30.160607+00:00,solana,JITOSOL,0.9413,orca,meteora,345017,1,12,1,0.1812,0
2026-06-21T11:59:20.312808+00:00,solana,USDG,0.45,orca,orca,3440163,0,7,0,-0.4171,0
2026-06-21T11:51:30.160607+00:00,base,CBBTC,0.3001,aerodrome,pancakeswap,4232456,1,12,0,-0.3251,0
2026-06-21T12:22:17.069586+00:00,solana,TRUMP,0.5208,meteora,raydium,912150,1,2,0,-0.5995,0
2026-06-21T11:56:12.748505+00:00,base,AERO,0.7027,aerodrome,aerodrome,886200,1,12,0,-0.0075,0
2026-06-21T12:15:40.007922+00:00,base,BNKR,0.9574,aerodrome,uniswap,261476,0,14,0,-1.0449,0
2026-06-21T12:25:36.544937+00:00,solana,TRUMP,0.5208,meteora,meteora,4055598,1,10,1,0.2628,0
2026-06-21T12:45:37.328731+00:00,solana,TRUMP,0.5181,meteora,meteora,3851943,1,2,0,-0.6041,0
2026-06-21T12:17:19.623808+00:00,solana,SOL,1.7558,raydium,raydium,571465,1,18,6,0.8723,1
2026-06-21T12:18:58.442090+00:00,solana,UMBRA,0.5127,metadao,meteora,494642,0,18,0,-0.8162,0
2026-06-21T12:30:50.216693+00:00,solana,JITOSOL,0.3412,orca,meteora,344325,1,13,0,-0.4236,0
2026-06-21T12:20:37.543689+00:00,base,CBETH,1.1461,aerodrome,alien-base,255909,1,18,0,-0.8696,0
2026-06-21T12:22:17.069586+00:00,base,WETH,0.9027,0x03C01Acae3D0173a93d819efDc832C7C4F153B06,uniswap,387551,1,18,0,-0.5908,0
2026-06-21T12:23:56.731269+00:00,solana,MET,0.4983,meteora,meteora,697272,1,18,1,0.4367,0
2026-06-21T12:23:56.731269+00:00,base,CBBTC,0.7602,aerodrome,aerodrome,706984,1,18,0,-0.1881,0
2026-06-21T13:01:00.051824+00:00,solana,MET,0.3998,meteora,meteora,308035,1,3,0,-1.3422,0
2026-06-21T13:04:13.418800+00:00,solana,TRUMP,0.5263,meteora,meteora,4018191,1,3,0,-0.0737,0
2026-06-21T12:37:08.597610+00:00,base,WEETH,0.5253,aerodrome,aerodrome,359088,1,17,0,-1.0901,0
2026-06-21T12:38:43.063352+00:00,base,VIRTUAL,0.8001,uniswap,aerodrome,892428,0,17,0,-0.1161,0
2026-06-21T12:55:11.843013+00:00,solana,SOL,0.3139,raydium,raydium,1376490,1,17,8,1.3232,1
2026-06-21T12:55:11.843013+00:00,base,WETH,0.8169,0x03C01Acae3D0173a93d819efDc832C7C4F153B06,uniswap,387555,1,17,0,-0.4204,0
2026-06-21T12:56:47.391639+00:00,base,CBBTC,0.7737,uniswap,aerodrome,707308,1,17,0,-0.3271,0
2026-06-21T13:04:13.418800+00:00,solana,JUP,1.498,meteora,meteora,412178,0,15,5,0.6171,1
2026-06-21T13:01:00.051824+00:00,base,AERO,0.6475,aerodrome,aerodrome,671000,1,17,11,0.3263,1
2026-06-21T13:40:56.822614+00:00,solana,USDC,0.9223,meteora,orca,1041808,0,8,6,0.0378,1
2026-06-21T14:02:40.020640+00:00,solana,FARTCOIN ,0.3953,orca,raydium,451331,1,5,0,-0.5709,0
2026-06-21T13:39:19.187413+00:00,solana,SOL,0.7945,meteora,raydium,651423,1,14,1,0.0361,0
2026-06-21T13:39:19.187413+00:00,solana,TRIPLET,0.7825,pumpswap,meteora,313627,1,14,0,-0.8209,0
2026-06-21T13:39:19.187413+00:00,base,WETH,0.6166,quickswap,uniswap,392431,1,14,0,-0.4537,0
2026-06-21T13:39:19.187413+00:00,base,CBBTC,0.5379,aerodrome,aerodrome,706367,1,14,0,-0.2088,0
2026-06-21T13:40:56.822614+00:00,base,AERO,0.8121,aerodrome,aerodrome,565240,1,13,0,-0.048,0
2026-06-21T13:42:36.029876+00:00,solana,JUP,1.7249,meteora,meteora,412178,1,13,5,0.254,1
2026-06-21T14:09:18.644441+00:00,solana,USDG,2.2773,orca,orca,3450468,1,3,0,-0.5495,0
2026-06-21T13:44:15.507144+00:00,base,FBOMB,0.5691,aerodrome,aerodrome,1124690,1,13,0,-0.288,0
2026-06-21T14:14:18.984295+00:00,solana,BUTTCOIN,0.3354,pumpswap,meteora,269420,1,6,0,-1.0206,0
2026-06-21T14:17:21.338803+00:00,solana,FO,0.5603,meteora,meteora,2494024,0,6,0,-0.1005,0
2026-06-21T14:26:01.632509+00:00,solana,TRIPLET,1.5934,pumpswap,meteora,328390,0,4,0,-0.9319,0
2026-06-21T14:02:40.020640+00:00,base,CBETH,0.8003,pancakeswap,alien-base,255909,1,19,0,-1.1408,0
2026-06-21T14:30:47.840146+00:00,solana,TRUMP,1.0638,meteora,meteora,3987073,0,5,3,0.463,1
2026-06-21T14:05:59.082687+00:00,base,VIRTUAL,0.3317,uniswap,aerodrome,489609,1,19,0,-0.4523,0
2026-06-21T14:12:38.809785+00:00,solana,SOL,0.3938,meteora,raydium,570516,1,19,5,0.7117,1
2026-06-21T14:14:18.984295+00:00,solana,JUP,0.9342,meteora,meteora,412584,1,18,2,0.5727,1
2026-06-21T14:14:18.984295+00:00,base,CBBTC,0.3257,aerodrome,aerodrome,705765,1,18,0,-0.149,0
2026-06-21T14:19:05.331994+00:00,base,WETH,0.6552,quickswap,uniswap,392511,1,18,0,-0.4257,0
2026-06-21T14:20:49.336577+00:00,solana,PUMP,0.4639,pumpswap,raydium,288754,1,18,0,-0.1093,0
2026-06-21T14:20:49.336577+00:00,base,AERO,1.1704,aerodrome,uniswap,364619,1,18,0,-0.4463,0
2026-06-21T14:20:49.336577+00:00,base,VVV,0.7509,uniswap,aerodrome,544685,1,18,0,-0.3965,0
2026-06-21T14:50:26.506663+00:00,base,EURC,0.8772,aerodrome,aerodrome,255993,0,2,0,-1.0613,0
2026-06-21T14:32:23.934396+00:00,sui,CETUS,0.4913,cetus,cetus,444214,0,17,0,-0.8557,0
2026-06-21T15:04:04.321041+00:00,solana,TRIPLET,0.3633,meteora,pumpswap,328565,1,3,0,-1.2162,0
2026-06-21T15:02:30.285485+00:00,solana,PENGU,0.5875,orca,meteora,2343003,0,6,0,-0.5681,0
2026-06-21T14:47:13.116209+00:00,solana,SOL,1.9178,raydium,meteora,566898,1,17,1,0.1519,0
2026-06-21T14:47:13.116209+00:00,solana,JUP,1.8116,meteora,meteora,412584,1,17,12,0.8979,1
2026-06-21T14:50:26.506663+00:00,base,CBBTC,0.3941,quickswap,uniswap,272892,1,17,0,-0.1396,0
2026-06-21T14:52:03.090464+00:00,base,WETH,0.5897,uniswap,uniswap,723295,1,17,0,-0.4649,0
2026-06-21T14:53:39.991005+00:00,base,AERO,1.0609,aerodrome,uniswap,363711,1,17,4,0.1213,1
2026-06-21T14:53:39.991005+00:00,base,VVV,0.7251,uniswap,aerodrome,557720,1,17,0,-0.3621,0
2026-06-21T14:56:53.182710+00:00,solana,PUMP,0.3327,orca,pumpswap,486931,1,17,0,-0.2418,0
2026-06-21T15:02:30.285485+00:00,sui,USDC,0.4163,turbos-finance,cetus,506459,0,16,0,-0.9047,0
2026-06-21T15:07:12.583527+00:00,sui,CETUS,0.8772,cetus,cetus,443198,0,13,0,-1.1269,0
2026-06-21T15:04:04.321041+00:00,base,CBETH,0.7942,alien-base,alien-base,255909,1,15,0,-1.0824,0
2026-06-21T15:04:04.321041+00:00,base,VIRTUAL,0.4637,aerodrome,aerodrome,493075,1,15,0,-0.4018,0
2026-06-21T15:11:55.240158+00:00,base,FBOMB,0.8972,aerodrome,aerodrome,1123089,0,12,8,0.0396,1
2026-06-21T15:15:41.274621+00:00,solana,TRIPLET,0.7655,pumpswap,meteora,328434,1,13,1,126.4252,0
2026-06-21T15:18:57.379642+00:00,solana,JUP,1.444,meteora,meteora,412584,1,13,2,0.0657,1
2026-06-21T15:18:57.379642+00:00,solana,SOL,0.9086,orca,meteora,659002,1,13,2,0.7254,1
2026-06-21T15:22:14.015511+00:00,base,CBBTC,0.4378,aerodrome,aerodrome,704374,1,13,0,-0.6149,0
2026-06-21T15:40:03.529983+00:00,solana,FO,0.3413,meteora,meteora,2496957,0,14,0,-0.2339,0
2026-06-21T16:03:23.442556+00:00,solana,MET,0.7291,meteora,meteora,741010,1,6,1,0.0954,0
2026-06-21T15:41:39.465879+00:00,base,VVV,0.7802,uniswap,aerodrome,562620,1,14,0,-0.4322,0
2026-06-21T15:41:39.465879+00:00,base,WETH,0.3623,uniswap,uniswap,723295,1,14,0,-0.6923,0
2026-06-21T15:43:15.239013+00:00,base,VIRTUAL,0.3643,aerodrome,aerodrome,493243,1,14,0,-0.6608,0
2026-06-21T16:08:15.348321+00:00,solana,BUTTCOIN,0.3478,meteora,pumpswap,269796,1,6,0,-1.1715,0
2026-06-21T16:06:36.687890+00:00,solana,FARTCOIN ,0.3903,orca,raydium,458312,1,8,0,-0.5706,0
2026-06-21T15:48:02.924055+00:00,solana,TRIPLET,17.7222,pumpswap,meteora,355884,1,14,4,16.4829,1
2026-06-21T15:51:14.765788+00:00,solana,SOL,0.6357,raydium,meteora,659002,1,14,2,0.662,1
2026-06-21T15:51:14.765788+00:00,solana,JUP,0.6355,meteora,orca,301557,1,14,4,0.3448,1
2026-06-21T16:04:58.556169+00:00,base,CBBTC,0.4172,uniswap,uniswap,456746,1,19,0,-0.2805,0
2026-06-21T16:06:36.687890+00:00,base,AERO,0.4067,aerodrome,aerodrome,602210,1,19,0,-0.0472,0
2026-06-21T16:11:31.851722+00:00,solana,PENGU,0.5987,meteora,orca,2360513,0,19,0,-0.0712,0
2026-06-21T16:14:48.694980+00:00,base,WETH,0.5315,uniswap,0x03C01Acae3D0173a93d819efDc832C7C4F153B06,387578,1,18,0,-0.4976,0
2026-06-21T16:15:37.576734+00:00,base,VIRTUAL,0.4157,aerodrome,aerodrome,489595,1,17,0,-0.3057,0
2026-06-21T16:22:36.151226+00:00,solana,TRIPLET,0.9872,meteora,pumpswap,330557,1,18,4,2.0138,1
2026-06-21T16:24:21.076475+00:00,solana,SOL,0.61,orca,pumpswap,2479088,1,18,4,0.2254,1
2026-06-21T16:56:51.417299+00:00,solana,TRIPLET,1.6734,pumpswap,meteora,336567,1,5,1,0.2728,0
2026-06-21T16:34:12.631137+00:00,base,ETH,0.9528,uniswap,uniswap,273858,0,19,0,-0.5038,0
2026-06-21T16:34:12.631137+00:00,base,VVV,0.7767,uniswap,aerodrome,283970,1,19,0,-0.0406,0
2026-06-21T16:34:12.631137+00:00,base,CBETH,0.3114,pancakeswap,alien-base,254885,0,19,0,-1.5745,0
2026-06-21T16:35:52.952786+00:00,solana,JUP,1.044,meteora,orca,301581,1,19,7,0.254,1
2026-06-21T16:37:33.412581+00:00,base,CBBTC,0.7695,quickswap,aerodrome,272939,1,19,0,-0.2671,0
2026-06-21T16:50:27.709331+00:00,solana,JITOSOL,0.3302,meteora,orca,2443963,1,14,3,0.0479,1
2026-06-21T16:47:14.004943+00:00,base,VIRTUAL,0.7518,uniswap,aerodrome,417032,1,16,0,-0.2612,0
2026-06-21T16:47:14.004943+00:00,base,WETH,0.5394,0x03C01Acae3D0173a93d819efDc832C7C4F153B06,uniswap,387578,1,16,0,-0.7173,0
2026-06-21T17:00:32.598166+00:00,solana,SOL,0.5389,meteora,pumpswap,2504118,1,14,1,0.0185,0
2026-06-21T17:00:32.598166+00:00,base,AERO,0.8174,aerodrome,uniswap,363523,1,14,0,-0.7282,0
2026-06-21T17:08:33.436613+00:00,solana,JUP,0.3124,orca,meteora,303955,1,11,0,-0.3909,0
2026-06-21T17:06:57.409517+00:00,base,VVV,0.3881,uniswap,uniswap,509449,1,12,0,-0.5745,0
2026-06-21T17:10:09.502375+00:00,base,CBBTC,0.4012,aerodrome,aerodrome,543026,1,10,0,-0.4727,0
2026-06-21T17:24:53.929809+00:00,solana,TRIPLET,0.4635,meteora,pumpswap,338623,1,10,0,-0.7333,0
2026-06-21T17:23:17.118907+00:00,base,VIRTUAL,0.4664,aerodrome,aerodrome,469913,1,13,4,0.1006,1
2026-06-21T17:24:53.929809+00:00,base,WETH,0.3964,aerodrome,0x03C01Acae3D0173a93d819efDc832C7C4F153B06,266544,1,13,0,-0.6637,0
2026-06-21T17:52:14.062749+00:00,solana,USELESS,0.7905,meteora,raydium,318365,0,5,0,-0.6946,0
2026-06-21T17:32:57.728555+00:00,solana,BUTTCOIN,0.9351,pumpswap,meteora,275262,0,12,5,0.6633,1
2026-06-21T17:32:57.728555+00:00,solana,SOL,0.5517,orca,raydium,10312602,1,12,1,0.0288,0
2026-06-21T18:04:29.197953+00:00,solana,FARTCOIN ,0.3975,raydium,orca,451958,1,7,0,-0.3758,0
2026-06-21T17:47:17.877015+00:00,solana,JUP,0.6267,meteora,meteora,412586,1,17,0,-0.99,0
2026-06-21T17:47:17.877015+00:00,base,CBBTC,0.7954,quickswap,aerodrome,262328,1,17,1,0.045,0
2026-06-21T18:02:47.024670+00:00,base,ZEN,0.4338,aerodrome,aerodrome,1362365,0,13,0,-0.3613,0
2026-06-21T18:02:47.024670+00:00,base,FBOMB,0.4082,aerodrome,aerodrome,1122598,0,13,0,-0.4497,0
2026-06-21T18:07:54.519841+00:00,base,MAMO,1.1254,aerodrome,aerodrome,356316,0,10,0,-0.4987,0
2026-06-21T17:55:33.477955+00:00,solana,TRIPLET,44.4648,pumpswap,meteora,334178,1,17,1,0.177,0
2026-06-21T18:06:11.906018+00:00,solana,SOL,0.6507,meteora,pumpswap,2497961,1,14,1,0.4024,0
2026-06-21T18:01:04.560605+00:00,base,ETH,0.9054,uniswap,uniswap,273960,0,17,0,-0.4673,0
2026-06-21T18:02:47.024670+00:00,base,WETH,0.5663,quickswap,uniswap,384792,1,16,0,-0.4853,0
2026-06-21T18:02:47.024670+00:00,base,CBETH,0.4428,hydrex,alien-base,254885,0,16,0,-1.5956,0
2026-06-21T18:04:29.197953+00:00,base,AERO,1.0923,aerodrome,uniswap,359837,1,15,1,0.3579,0
2026-06-21T18:06:11.906018+00:00,base,WEETH,0.3758,aerodrome,aerodrome,361260,0,14,0,-1.233,0
2026-06-21T18:25:37.508953+00:00,solana,JUP,0.4138,meteora,meteora,556650,1,8,0,-0.8054,0
2026-06-21T18:48:24.554598+00:00,solana,JUP,0.4127,meteora,orca,296954,1,2,0,-1.8047,0
2026-06-21T18:18:59.303483+00:00,base,CBBTC,0.9548,uniswap,aerodrome,706056,1,14,0,-0.1063,0
2026-06-21T18:38:48.680017+00:00,sui,USDC,0.3358,turbos-finance,cetus,262666,0,14,0,-0.8494,0
2026-06-21T18:40:24.129441+00:00,solana,SOL,0.6236,raydium,raydium,572947,1,14,0,-0.1066,0
2026-06-21T18:40:24.129441+00:00,solana,TRIPLET,0.6186,pumpswap,meteora,340034,1,14,3,0.1171,1
2026-06-21T18:46:48.463922+00:00,base,VIRTUAL,0.551,uniswap,aerodrome,892610,1,13,0,-0.4153,0
2026-06-21T18:50:00.864157+00:00,base,WETH,0.327,uniswap,0x03C01Acae3D0173a93d819efDc832C7C4F153B06,387579,1,13,0,-0.7502,0
2026-06-21T19:01:43.900369+00:00,base,AERO,0.7884,aerodrome,uniswap,360110,1,18,1,0.0535,0
2026-06-21T19:03:18.842985+00:00,base,CBBTC,0.4386,uniswap,aerodrome,705085,1,18,0,-0.5107,0
2026-06-21T19:09:46.661218+00:00,solana,BUTTCOIN,2.9115,pumpswap,meteora,273889,1,18,5,1.4718,1
2026-06-21T19:15:36.668103+00:00,sui,USDC,0.3569,turbos-finance,cetus,503833,1,17,0,-0.9279,0
2026-06-21T19:13:00.013203+00:00,solana,SOL,0.6357,raydium,raydium,572379,1,18,2,0.6432,1
2026-06-21T19:30:48.166953+00:00,base,ETH,0.7408,uniswap,uniswap,356061,0,17,0,-0.9168,0
2026-06-21T19:35:36.147279+00:00,base,CBBTC,0.5628,uniswap,aerodrome,705521,1,17,0,-0.2744,0
2026-06-21T19:47:19.895751+00:00,solana,TRUMP,1.0471,meteora,meteora,4056963,1,12,0,-0.0713,0
2026-06-21T19:38:47.982118+00:00,base,FBOMB,0.823,aerodrome,aerodrome,1122607,0,17,0,-0.0348,0
2026-06-21T19:40:25.377612+00:00,solana,JUP,0.4606,meteora,meteora,411987,1,17,0,-0.7988,0
2026-06-21T19:40:25.377612+00:00,base,VIRTUAL,0.4839,uniswap,aerodrome,893034,1,17,0,-0.4488,0
2026-06-21T19:42:02.625708+00:00,base,VVV,0.718,aerodrome,uniswap,250631,0,17,0,-0.4422,0
2026-06-21T19:45:39.714045+00:00,sui,SUI,0.3239,momentum,steamm,356378,0,17,0,-1.0446,0
2026-06-21T19:45:39.714045+00:00,base,WETH,0.3216,uniswap,uniswap,723295,0,17,0,-0.7329,0
2026-06-21T20:12:23.621181+00:00,solana,TRIPLET,0.5157,pumpswap,meteora,338255,1,4,0,-1.4791,0
2026-06-21T20:05:51.049042+00:00,solana,SOL,0.8797,meteora,raydium,656317,1,14,1,0.3145,0
2026-06-21T20:07:29.560195+00:00,base,CBBTC,0.7934,uniswap,aerodrome,706329,1,13,2,0.2994,1
2026-06-21T20:12:23.621181+00:00,base,VIRTUAL,0.6517,aerodrome,aerodrome,477539,1,10,9,0.1878,1
2026-06-21T20:24:17.389655+00:00,solana,JUP,0.783,meteora,meteora,562774,0,14,0,-0.4282,0
2026-06-21T20:24:17.389655+00:00,solana,PUMP,0.4639,pumpswap,raydium,288753,1,14,0,-0.042,0
2026-06-21T20:24:17.389655+00:00,base,BRETT,0.7101,aerodrome,uniswap,749112,0,14,0,-0.0876,0
2026-06-21T20:24:17.389655+00:00,base,BNKR,0.5766,aerodrome,uniswap,275369,0,14,0,-0.717,0
2026-06-21T20:25:53.026251+00:00,sui,USDC,0.4711,turbos-finance,turbos-finance,262666,0,14,0,-1.1021,0
2026-06-21T20:25:53.026251+00:00,base,AERO,0.675,aerodrome,uniswap,360110,1,14,5,0.3566,1
2026-06-21T20:25:53.026251+00:00,base,WETH,0.4223,aerodrome,0x03C01Acae3D0173a93d819efDc832C7C4F153B06,267067,1,14,0,-0.193,0
2026-06-21T20:47:14.155174+00:00,base,ZEN,0.4329,aerodrome,aerodrome,1231586,0,8,0,-0.4191,0
2026-06-21T20:50:36.688721+00:00,sui,USDSUI,0.3904,cetus,turbos-finance,425053,0,8,0,-1.1527,0
2026-06-21T20:35:36.806437+00:00,base,ETH,0.8984,uniswap,uniswap,273975,0,13,0,-0.2677,0
2026-06-21T20:50:36.688721+00:00,solana,USDG,0.33,orca,orca,3444337,0,14,0,-0.3776,0
2026-06-21T21:10:27.366551+00:00,base,USDT,0.3507,aerodrome,aerodrome,358955,1,2,0,-1.6017,0
2026-06-21T21:10:27.366551+00:00,sui,USDSUI,0.8007,cetus,turbos-finance,426923,0,3,0,-0.9244,0
2026-06-21T21:12:02.385860+00:00,solana,TRUMP,0.5348,raydium,meteora,899810,1,2,0,-0.601,0
2026-06-21T20:48:54.662696+00:00,solana,PENGU,0.7115,meteora,orca,2337793,0,17,14,1.0654,1
2026-06-21T21:12:02.385860+00:00,base,BNKR,0.4958,aerodrome,uniswap,267818,1,3,0,-1.9579,0
2026-06-21T21:12:02.385860+00:00,sui,USDC,0.3437,turbos-finance,turbos-finance,259278,1,4,0,-1.0646,0
2026-06-21T20:47:14.155174+00:00,solana,JITOSOL,0.5482,orca,meteora,346662,0,19,1,0.4848,0
2026-06-21T21:08:51.576748+00:00,solana,TRIPLET,0.6135,pumpswap,meteora,333372,1,6,2,0.1028,1
2026-06-21T20:47:14.155174+00:00,base,VVV,0.9229,aerodrome,uniswap,559807,0,19,0,-0.2925,0
2026-06-21T20:48:54.662696+00:00,solana,SOL,0.5448,orca,meteora,655912,1,19,2,0.5656,1
2026-06-21T20:48:54.662696+00:00,base,CBBTC,1.5122,pancakeswap,aerodrome,706719,1,19,18,1.6461,1
2026-06-21T20:48:54.662696+00:00,base,VIRTUAL,1.3802,uniswap,aerodrome,1136641,1,19,18,1.5975,1
2026-06-21T20:48:54.662696+00:00,base,CBETH,0.5216,pancakeswap,alien-base,254885,0,19,0,-0.5048,0
2026-06-21T20:50:36.688721+00:00,solana,BUTTCOIN,3.0882,pumpswap,meteora,275379,1,19,18,1.9519,1
2026-06-21T20:52:17.820552+00:00,base,FBOMB,2.9437,aerodrome,aerodrome,1122267,1,19,18,2.0173,1
2026-06-21T20:57:21.284897+00:00,solana,PUMP,0.5344,pumpswap,meteora,1460465,1,19,1,0.9155,0
2026-06-21T20:59:02.107999+00:00,base,AERO,1.0632,aerodrome,uniswap,351185,1,18,1,0.0508,0
2026-06-21T20:59:02.107999+00:00,base,WETH,0.77,0x03C01Acae3D0173a93d819efDc832C7C4F153B06,uniswap,387579,1,18,1,0.1741,0
2026-06-21T21:08:51.576748+00:00,solana,JUP,0.368,meteora,orca,294219,1,17,0,-0.5306,0
2026-06-21T21:10:27.366551+00:00,solana,USELESS,0.6529,meteora,raydium,312524,0,17,0,-1.2134,0
2026-06-21T21:10:27.366551+00:00,base,ETH,2.1585,uniswap,uniswap,356061,1,17,15,0.4988,1
2026-06-21T21:10:27.366551+00:00,base,BRETT,1.4742,aerodrome,uniswap,718919,0,17,2,0.089,1
2026-06-21T21:21:56.951436+00:00,solana,SOL,1.2288,pumpswap,meteora,653280,1,13,1,0.0065,0
2026-06-21T21:21:56.951436+00:00,solana,TRIPLET,1.0158,meteora,pumpswap,326916,1,13,0,-0.4244,0
2026-06-21T21:15:37.042867+00:00,base,MAMO,1.5325,aerodrome,aerodrome,350645,1,17,0,-0.0144,0
2026-06-21T21:20:22.270064+00:00,base,WEETH,0.86,aerodrome,aerodrome,356812,0,14,0,-0.7625,0
2026-06-21T21:20:22.270064+00:00,base,BNKR,0.4543,aerodrome,uniswap,267869,1,14,0,-1.0025,0
2026-06-21T21:21:56.951436+00:00,base,CBBTC,2.6513,uniswap,aerodrome,427015,1,13,11,1.1821,1
2026-06-21T21:21:56.951436+00:00,base,VIRTUAL,2.4668,uniswap,aerodrome,1124742,1,13,11,1.3548,1
2026-06-21T21:21:56.951436+00:00,base,CBETH,1.398,aerodrome,alien-base,254885,1,13,0,-0.7461,0
2026-06-21T21:32:31.665028+00:00,base,WETH,0.46,uniswap,uniswap,721436,1,13,0,-0.4431,0
2026-06-21T21:35:51.687722+00:00,base,VVV,0.7821,aerodrome,uniswap,555196,1,13,0,-0.1842,0
2026-06-21T21:40:51.100654+00:00,solana,JUP,1.713,meteora,meteora,411746,1,11,5,0.241,1
2026-06-21T21:56:20.818361+00:00,solana,PUMP,20.241,meteora,pumpswap,1266467,1,13,0,-0.1039,0
2026-06-21T21:56:20.818361+00:00,solana,SOL,0.7838,meteora,pumpswap,649962,1,13,2,0.5072,1
2026-06-21T21:56:20.818361+00:00,solana,TRIPLET,0.4279,pumpswap,meteora,329348,1,13,1,0.5121,0
2026-06-21T21:56:20.818361+00:00,base,CBBTC,0.9719,uniswap,aerodrome,702121,1,13,1,0.0463,0
2026-06-21T21:56:20.818361+00:00,base,VIRTUAL,0.8782,uniswap,aerodrome,885609,1,13,0,-0.0749,0
2026-06-21T21:58:02.411959+00:00,sui,CETUS,0.7808,cetus,cetus,439412,0,13,0,-0.5184,0
2026-06-21T21:59:44.021791+00:00,base,BRETT,1.0368,aerodrome,uniswap,703293,1,13,0,-0.3333,0
2026-06-21T22:18:18.797087+00:00,base,BNKR,0.7161,aerodrome,uniswap,251500,1,19,0,-1.1602,0
2026-06-21T22:19:57.515058+00:00,solana,JUP,1.2963,meteora,orca,291232,1,19,0,-0.0188,0
2026-06-21T22:19:57.515058+00:00,base,WETH,0.3057,aerodrome,0x03C01Acae3D0173a93d819efDc832C7C4F153B06,264872,1,19,0,-0.5542,0
2026-06-21T22:32:34.550209+00:00,solana,PUMP,0.5416,pumpswap,raydium,284180,1,14,0,-0.2347,0
2026-06-21T22:56:57.189602+00:00,sui,SUI,0.4603,steamm,momentum,352029,0,2,0,-1.6075,0
2026-06-21T22:28:18.007707+00:00,solana,SOL,0.5904,orca,pumpswap,2463325,1,19,4,53.1085,1
2026-06-21T22:30:54.920627+00:00,solana,PENGU,0.4978,meteora,pumpswap,1102278,0,17,0,-0.2217,0
2026-06-21T22:55:20.099286+00:00,solana,USDC,0.4106,raydium,meteora,1043266,0,3,0,-0.4733,0
2026-06-21T22:28:18.007707+00:00,base,CBBTC,0.4255,uniswap,aerodrome,539261,1,19,0,-0.2704,0
2026-06-21T22:30:54.920627+00:00,base,CBETH,0.967,pancakeswap,alien-base,254885,1,17,0,-0.7942,0
2026-06-21T22:34:14.471295+00:00,base,AERO,1.2143,aerodrome,aerodrome,576439,1,15,0,-0.0562,0
2026-06-21T22:34:14.471295+00:00,base,VIRTUAL,0.4898,uniswap,aerodrome,886267,1,15,0,-0.3274,0
2026-06-21T23:09:20.339902+00:00,solana,USELESS,0.6064,meteora,raydium,309357,0,4,0,-1.1871,0
2026-06-21T22:52:05.563641+00:00,base,WETH,0.372,aerodrome,uniswap,721436,1,13,0,-0.5611,0
2026-06-21T23:09:20.339902+00:00,solana,JUP,0.6533,meteora,meteora,411722,1,13,0,-0.6773,0
2026-06-21T23:10:55.460446+00:00,solana,SOL,0.702,orca,raydium,2460235,1,13,3,0.7592,1
2026-06-21T23:10:55.460446+00:00,base,VIRTUAL,0.8477,aerodrome,aerodrome,464280,1,13,2,0.27,1
2026-06-21T23:10:55.460446+00:00,base,CBBTC,0.8021,uniswap,aerodrome,699744,1,13,3,0.6752,1
2026-06-21T23:20:57.113830+00:00,solana,TRIPLET,0.4687,pumpswap,meteora,330652,1,10,0,-0.484,0
2026-06-21T23:39:50.896005+00:00,solana,FARTCOIN ,17.7092,orca,orca,440591,1,5,1,16.3008,0
2026-06-21T23:32:41.887980+00:00,solana,BUTTCOIN,4.4369,pumpswap,meteora,275379,0,10,9,2.3651,1
2026-06-21T23:32:41.887980+00:00,base,ETH,1.9628,uniswap,uniswap,271709,0,10,9,0.5408,1
2026-06-21T23:34:28.916536+00:00,sui,CETUS,0.9529,cetus,cetus,438355,0,11,0,-0.4606,0
2026-06-21T23:34:28.916536+00:00,base,WEETH,0.7659,aerodrome,aerodrome,357145,0,11,0,-0.7806,0
2026-06-21T23:34:28.916536+00:00,base,WETH,0.7167,aerodrome,uniswap,263655,1,11,0,-0.2654,0
2026-06-21T23:38:03.535425+00:00,sui,USDC,0.3826,cetus,turbos-finance,257267,0,11,0,-0.8685,0
2026-06-21T23:38:03.535425+00:00,solana,JITOSOL,0.8827,orca,meteora,342406,0,11,0,-0.1076,0
2026-06-21T23:43:25.543617+00:00,solana,JUP,0.7951,meteora,meteora,411549,1,11,0,-0.4434,0
2026-06-21T23:43:25.543617+00:00,solana,SOL,0.6651,raydium,meteora,649596,1,11,0,-0.0479,0
2026-06-21T23:43:25.543617+00:00,base,CBBTC,1.0371,hydrex,aerodrome,344864,1,11,2,0.0507,1
2026-06-22T00:02:43.349338+00:00,base,VIRTUAL,0.9226,uniswap,aerodrome,878249,1,13,0,-0.0343,0
2026-06-22T00:07:44.744803+00:00,base,WETH,0.6283,0x03C01Acae3D0173a93d819efDc832C7C4F153B06,uniswap,387580,1,13,0,-0.34,0
2026-06-22T00:09:25.630660+00:00,base,AERO,0.7825,aerodrome,aerodrome,868404,1,12,0,-0.2395,0
2026-06-22T00:26:24.604002+00:00,solana,JUP,0.7032,meteora,orca,291716,1,13,5,0.2276,1
2026-06-22T00:26:24.604002+00:00,solana,SOL,0.6278,raydium,pumpswap,2478326,1,13,0,-0.1273,0
2026-06-22T00:26:24.604002+00:00,base,CBBTC,0.499,uniswap,aerodrome,538993,1,13,0,-0.027,0
2026-06-22T00:34:38.817701+00:00,base,VIRTUAL,0.5079,aerodrome,uniswap,414454,1,14,0,-0.0716,0
2026-06-22T01:08:03.510127+00:00,sui,SUI,0.5119,momentum,steamm,354997,0,3,0,-1.073,0
2026-06-22T00:48:17.365531+00:00,solana,PENGU,1.0683,pumpswap,orca,1097378,0,19,1,0.2033,0
2026-06-22T00:49:55.651768+00:00,base,AERO,1.1302,uniswap,aerodrome,345194,0,19,0,-0.4522,0
2026-06-22T00:49:55.651768+00:00,base,WETH,0.4015,uniswap,uniswap,721412,1,19,0,-0.5544,0
2026-06-22T01:15:37.050399+00:00,sui,CETUS,0.4989,cetus,cetus,441875,0,8,0,-1.0204,0
2026-06-22T00:56:32.200429+00:00,solana,TRIPLET,0.513,pumpswap,meteora,324987,1,19,0,-0.875,0
2026-06-22T00:56:32.200429+00:00,base,CBETH,0.7894,alien-base,aerodrome,252125,1,19,1,0.4972,0
2026-06-22T01:27:55.542704+00:00,sui,WAL,0.452,bluefin,bluefin,330808,0,2,0,-1.711,0
2026-06-22T00:58:11.745865+00:00,solana,SOL,0.6031,orca,raydium,568532,1,19,0,-0.0243,0
2026-06-22T00:58:11.745865+00:00,base,CBBTC,1.2334,aerodrome,uniswap,432324,1,19,7,0.3158,1
2026-06-22T01:24:24.029618+00:00,solana,USELESS,0.8456,meteora,raydium,313721,0,5,0,-1.399,0
2026-06-22T01:27:55.542704+00:00,solana,FARTCOIN ,0.4666,orca,raydium,818090,1,4,0,-0.4426,0
2026-06-22T01:08:03.510127+00:00,base,VIRTUAL,1.422,aerodrome,aerodrome,479716,1,18,11,0.2863,1
2026-06-22T01:24:24.029618+00:00,solana,JITOSOL,0.8054,meteora,orca,347358,0,11,7,1.2499,1
2026-06-22T01:24:24.029618+00:00,solana,USDG,0.3371,orca,orca,3447742,0,12,0,-0.382,0
2026-06-22T01:19:07.600916+00:00,solana,JUP,0.9447,meteora,orca,292404,1,18,3,0.5583,1
2026-06-22T01:22:38.789684+00:00,base,WETH,0.8833,uniswap,hydrex,508635,1,18,1,0.3001,0
2026-06-22T01:24:24.029618+00:00,solana,PENGU,1.0733,pumpswap,meteora,1106559,0,18,4,1.24,1
2026-06-22T01:24:24.029618+00:00,base,AERO,1.6952,uniswap,aerodrome,345192,0,18,5,1.321,1
2026-06-22T01:24:24.029618+00:00,base,VVV,0.974,aerodrome,uniswap,271701,1,18,4,0.694,1
2026-06-22T01:42:36.707542+00:00,solana,FARTCOIN ,0.3082,orca,raydium,463860,1,9,0,-0.4408,0
2026-06-22T01:27:55.542704+00:00,sui,USDC,0.3962,turbos-finance,cetus,262604,1,18,0,-0.8289,0
2026-06-22T01:27:55.542704+00:00,base,WEETH,2.4911,aerodrome,aerodrome,366854,0,18,17,0.8993,1
2026-06-22T01:27:55.542704+00:00,base,ETH,2.126,uniswap,uniswap,713880,1,18,17,0.7408,1
2026-06-22T01:30:51.939487+00:00,base,CBETH,2.3956,alien-base,aerodrome,252125,1,17,1,0.3447,0
2026-06-22T01:32:32.455711+00:00,base,CBBTC,1.5458,aerodrome,pancakeswap,701404,1,17,14,0.2018,1
2026-06-22T01:34:13.300591+00:00,solana,SOL,0.5952,meteora,raydium,656590,1,18,0,-0.0849,0
2026-06-22T01:40:55.713733+00:00,base,VIRTUAL,1.066,aerodrome,aerodrome,478508,1,18,3,0.6024,1
2026-06-22T01:48:45.880795+00:00,sui,CETUS,0.7108,cetus,cetus,443851,0,15,0,-1.0197,0
2026-06-22T01:45:36.823419+00:00,solana,TRIPLET,1.4152,meteora,pumpswap,332542,0,17,0,-0.1391,0
2026-06-22T01:55:03.401128+00:00,base,WETH,0.4432,uniswap,uniswap,729722,1,17,0,-0.3461,0
2026-06-22T02:22:16.745509+00:00,solana,BUTTCOIN,0.821,pumpswap,meteora,253219,0,4,0,-1.0933,0
2026-06-22T02:25:34.809900+00:00,sui,CETUS,1.1596,cetus,cetus,441619,0,4,0,-0.2472,0
2026-06-22T02:18:58.736275+00:00,solana,FARTCOIN ,0.7015,raydium,orca,825915,0,9,0,-0.2049,0
2026-06-22T02:04:07.318642+00:00,base,VVV,0.5148,uniswap,aerodrome,578671,1,18,0,-0.6136,0
2026-06-22T02:04:07.318642+00:00,base,CBBTC,0.3966,aerodrome,pancakeswap,705906,1,18,0,-0.3689,0
2026-06-22T02:10:24.261635+00:00,solana,USDG,1.4281,orca,orca,3459060,0,15,9,3.8395,1
2026-06-22T02:17:19.039993+00:00,solana,ONE,1.5554,raydium,raydium,2968883,1,12,10,0.9201,1
2026-06-22T02:08:50.030139+00:00,solana,SOL,0.4743,orca,raydium,2483201,1,18,4,0.5498,1
2026-06-22T02:15:39.412934+00:00,base,VIRTUAL,0.5319,aerodrome,uniswap,1152913,1,18,0,-0.1663,0
2026-06-22T02:20:37.163275+00:00,base,AERO,0.8983,aerodrome,aerodrome,1115347,1,18,0,-0.0737,0
2026-06-22T02:22:16.745509+00:00,base,WEETH,1.9041,aerodrome,aerodrome,364753,0,18,17,0.306,1
2026-06-22T02:53:41.345990+00:00,sui,WAL,0.4831,bluefin,bluefin,328566,0,2,0,-1.7163,0
2026-06-22T02:27:13.875726+00:00,solana,JUP,0.9722,meteora,meteora,411751,1,18,0,-0.0975,0
2026-06-22T02:27:13.875726+00:00,solana,PUMP,0.5829,raydium,pumpswap,292724,1,18,0,-0.3115,0
2026-06-22T02:30:47.303303+00:00,solana,TRIPLET,1.4403,meteora,pumpswap,340188,1,17,4,0.8793,1
2026-06-22T02:30:47.303303+00:00,solana,PENGU,0.8598,meteora,orca,2345911,0,17,15,0.4436,1
2026-06-22T03:02:37.298148+00:00,base,EURC,0.8772,aerodrome,aerodrome,573530,1,2,0,-1.0595,0
2026-06-22T03:02:37.298148+00:00,sui,USDSUI,0.4804,cetus,turbos-finance,440605,0,3,0,-0.925,0
2026-06-22T02:38:40.788717+00:00,base,CBBTC,0.3327,aerodrome,uniswap,544651,1,17,0,-0.0534,0
2026-06-22T02:41:49.999568+00:00,solana,SOL,1.1561,raydium,raydium,569038,1,17,1,0.5338,0
2026-06-22T02:47:15.758474+00:00,solana,JITOSOL,0.4528,orca,meteora,347073,0,17,3,2.9587,1
2026-06-22T03:02:37.298148+00:00,solana,PUMP,0.6618,pumpswap,orca,491852,1,11,0,-0.3115,0
2026-06-22T03:04:12.065233+00:00,solana,TRIPLET,0.6223,pumpswap,meteora,354156,1,15,0,-0.0765,0
2026-06-22T03:01:02.868609+00:00,base,AERO,1.0964,aerodrome,uniswap,353398,0,18,0,-0.0289,0
2026-06-22T03:01:02.868609+00:00,base,WETH,0.3438,hydrex,uniswap,508689,1,18,0,-0.2413,0
2026-06-22T03:02:37.298148+00:00,sui,USDC,0.37,turbos-finance,turbos-finance,261188,0,18,0,-0.9496,0
2026-06-22T03:02:37.298148+00:00,solana,JUP,1.5421,orca,meteora,299619,1,18,8,0.3752,1
2026-06-22T03:02:37.298148+00:00,base,VIRTUAL,0.7874,aerodrome,aerodrome,472845,1,18,0,-0.0977,0
2026-06-22T03:04:12.065233+00:00,base,ETH,1.1658,uniswap,uniswap,356061,1,18,0,-0.4591,0
2026-06-22T03:35:38.330295+00:00,solana,HYPE,0.3289,meteora,meteora,394799,1,2,0,-1.5137,0
2026-06-22T03:10:29.387130+00:00,base,CBBTC,0.9697,aerodrome,aerodrome,706234,1,18,0,-0.1053,0
2026-06-22T03:15:40.843845+00:00,solana,SOL,0.6417,orca,meteora,655415,1,17,1,0.1675,0
2026-06-22T03:34:02.240272+00:00,base,WETH,0.3074,uniswap,uniswap,729636,1,17,0,-0.2821,0
2026-06-22T03:35:38.330295+00:00,solana,JUP,0.9799,meteora,meteora,411788,1,17,3,0.0291,1
2026-06-22T03:35:38.330295+00:00,base,VIRTUAL,0.602,uniswap,aerodrome,1145813,1,17,3,0.3451,1
2026-06-22T04:04:18.843311+00:00,solana,USDC,0.5895,meteora,orca,333841,0,3,0,-1.1091,0
2026-06-22T03:45:45.135741+00:00,base,CBBTC,0.9842,aerodrome,aerodrome,541871,1,18,8,0.3685,1
2026-06-22T03:45:45.135741+00:00,base,VVV,0.7782,uniswap,uniswap,508980,1,18,0,-0.444,0
2026-06-22T03:45:45.135741+00:00,base,CBETH,0.3611,pancakeswap,alien-base,256369,1,18,0,-1.2942,0
2026-06-22T03:47:30.196562+00:00,solana,SOL,0.4627,raydium,meteora,656005,1,18,1,0.891,0
2026-06-22T03:47:30.196562+00:00,base,AERO,1.8013,aerodrome,uniswap,353399,0,18,0,-0.4977,0
2026-06-22T03:56:14.019555+00:00,solana,JUPSOL,1.1447,meteora,meteora,274058,1,18,0,-0.8154,0
2026-06-22T04:05:57.337041+00:00,base,WETH,0.6282,0x03C01Acae3D0173a93d819efDc832C7C4F153B06,uniswap,387705,1,18,0,-0.5129,0
2026-06-22T04:12:30.707080+00:00,solana,POPCAT,9.1134,raydium,raydium,568090,1,18,0,-0.7607,0
2026-06-22T04:19:08.984368+00:00,base,VIRTUAL,0.892,uniswap,aerodrome,889390,1,15,4,0.0083,1
2026-06-22T04:45:43.185339+00:00,base,MAMO,1.4567,aerodrome,aerodrome,323011,0,3,0,-0.2831,0
2026-06-22T04:19:08.984368+00:00,solana,MET,2.381,meteora,meteora,698512,1,18,4,1.3078,1
2026-06-22T04:19:08.984368+00:00,base,CBBTC,1.2931,pancakeswap,aerodrome,312723,1,18,0,-0.0795,0
2026-06-22T04:20:53.514631+00:00,solana,JUP,1.6917,meteora,meteora,411788,1,18,0,-0.23,0
2026-06-22T04:20:53.514631+00:00,solana,SOL,0.8188,orca,raydium,570412,1,18,1,0.0063,0
2026-06-22T04:42:08.902198+00:00,sui,CETUS,3.9148,cetus,cetus,432473,1,9,0,-0.8539,0
2026-06-22T05:02:38.753365+00:00,sui,WAL,0.4224,bluefin,bluefin,330670,0,2,0,-1.7042,0
2026-06-22T04:38:55.634401+00:00,base,WETH,0.5224,quickswap,uniswap,386029,1,17,0,-0.5129,0
2026-06-22T05:09:06.796367+00:00,solana,USDG,0.9198,orca,orca,3454901,0,2,0,-0.5682,0
2026-06-22T04:45:43.185339+00:00,solana,USELESS,0.4865,meteora,raydium,313369,0,18,0,-1.1484,0
2026-06-22T04:45:43.185339+00:00,base,AERO,1.1772,aerodrome,uniswap,347060,1,18,8,0.1615,1
2026-06-22T05:09:06.796367+00:00,solana,USDE,0.9409,orca,orca,2186063,0,8,0,-0.5934,0
2026-06-22T04:52:20.860018+00:00,base,CBBTC,0.8202,aerodrome,aerodrome,704430,1,18,0,-0.2491,0
2026-06-22T04:53:59.676026+00:00,solana,SOL,0.7366,meteora,raydium,570319,1,18,2,0.7833,1
2026-06-22T05:27:21.053844+00:00,sui,WAL,0.3891,bluefin,bluefin,334373,0,2,0,-1.6669,0
2026-06-22T05:01:01.444750+00:00,base,VIRTUAL,0.5699,uniswap,aerodrome,893066,1,20,0,-0.3795,0
2026-06-22T05:02:38.753365+00:00,solana,ORE,1.8772,meteora,orca,266947,1,20,0,-0.1218,0
2026-06-22T05:33:52.713139+00:00,sui,SUI,0.3262,momentum,steamm,355126,0,2,0,-1.6132,0
2026-06-22T05:04:15.613754+00:00,solana,JITOSOL,1.0213,orca,meteora,344959,0,20,0,-0.3406,0
2026-06-22T05:37:08.523551+00:00,sui,SUI,0.3405,momentum,steamm,355126,0,2,0,-1.6132,0
2026-06-22T05:09:06.796367+00:00,solana,JUP,0.3341,meteora,orca,298385,1,20,0,-0.5665,0
2026-06-22T05:10:43.860752+00:00,base,ETH,1.0554,uniswap,uniswap,355845,0,19,0,-0.5702,0
2026-06-22T05:10:43.860752+00:00,base,WETH,0.4884,aerodrome,uniswap,731052,1,19,0,-0.5601,0
2026-06-22T05:25:17.801811+00:00,base,CBBTC,0.5793,uniswap,aerodrome,456512,1,14,0,-0.8399,0
2026-06-22T05:26:53.822539+00:00,solana,SOL,0.6631,meteora,raydium,572341,1,14,4,0.2831,1
2026-06-22T05:28:58.628724+00:00,solana,GIGA,0.98,meteora,raydium,271793,0,14,0,-1.0543,0
2026-06-22T05:32:14.850216+00:00,solana,HYPE,0.4077,meteora,orca,390883,1,14,0,-0.2099,0
2026-06-22T05:35:30.629635+00:00,base,VIRTUAL,0.3508,uniswap,uniswap,895332,1,12,0,-0.5498,0
2026-06-22T05:50:52.291458+00:00,sui,CETUS,1.5101,cetus,cetus,438814,1,13,7,0.0975,1
2026-06-22T05:50:52.291458+00:00,solana,JUPSOL,1.4117,meteora,meteora,274106,0,13,0,-0.525,0
2026-06-22T05:52:28.577183+00:00,solana,JUP,0.5728,meteora,meteora,411143,1,13,0,-0.2801,0
2026-06-22T05:52:28.577183+00:00,base,WETH,0.3936,uniswap,uniswap,731052,1,13,0,-0.655,0
2026-06-22T05:54:05.305215+00:00,solana,USDE,2.1532,orca,orca,2222846,1,13,0,-0.5835,0
2026-06-22T06:23:51.387924+00:00,base,SOL,0.3286,aerodrome,aerodrome,250279,1,2,0,-2.0997,0
2026-06-22T05:55:41.866679+00:00,base,VVV,0.8536,uniswap,uniswap,504991,1,13,0,-0.41,0
2026-06-22T05:57:18.543831+00:00,base,CBBTC,0.4409,uniswap,uniswap,434709,1,13,0,-0.4686,0
2026-06-22T06:02:08.265729+00:00,sui,USDC,0.3197,turbos-finance,cetus,550918,1,11,0,-0.9275,0
2026-06-22T06:02:08.265729+00:00,solana,SOL,0.4311,meteora,pumpswap,2495346,1,11,5,0.5242,1
2026-06-22T06:27:07.176371+00:00,base,SOL,0.3413,aerodrome,aerodrome,250429,1,3,0,-1.7149,0
2026-06-22T06:37:38.665404+00:00,sui,WAL,0.4091,bluefin,bluefin,338948,0,3,0,-1.4049,0
2026-06-22T06:15:41.570766+00:00,base,MAMO,1.4567,aerodrome,aerodrome,323011,0,17,0,-0.2831,0
2026-06-22T06:15:41.570766+00:00,base,CBETH,0.3509,alien-base,alien-base,256369,0,17,0,-1.6475,0
2026-06-22T06:22:13.514314+00:00,base,VIRTUAL,0.3177,uniswap,aerodrome,894748,1,17,0,-0.5975,0
2026-06-22T06:23:51.387924+00:00,sui,SUI,0.4256,momentum,steamm,341182,0,17,0,-1.1622,0
2026-06-22T06:45:47.400109+00:00,base,SOL,0.3804,aerodrome,aerodrome,255023,1,6,0,-1.6864,0
2026-06-22T06:25:29.213910+00:00,base,BRETT,1.1099,aerodrome,uniswap,731037,0,17,0,-0.211,0
2026-06-22T06:25:29.213910+00:00,base,WETH,0.3658,uniswap,uniswap,731018,1,17,0,-0.367,0
2026-06-22T06:27:07.176371+00:00,solana,HYPE,0.3473,meteora,meteora,391462,1,17,0,-0.3689,0
2026-06-22T06:27:07.176371+00:00,base,AERO,1.1865,aerodrome,uniswap,344689,1,17,0,-0.4955,0
2026-06-22T06:32:39.051853+00:00,solana,JUP,1.4797,meteora,meteora,411143,0,18,4,0.0063,1
2026-06-22T06:32:39.051853+00:00,solana,JITOSOL,0.5389,orca,meteora,2445062,0,18,0,-0.2207,0
2026-06-22T06:32:39.051853+00:00,base,CBBTC,0.5832,uniswap,aerodrome,704261,1,18,0,-0.0877,0
2026-06-22T06:34:19.295079+00:00,solana,SOL,0.5711,raydium,raydium,570766,1,18,3,0.7394,1
2026-06-22T06:57:26.753264+00:00,base,SOL,0.3124,aerodrome,aerodrome,254741,1,5,0,-1.6703,0
2026-06-22T06:35:58.859302+00:00,solana,POPCAT,5.9029,raydium,raydium,576087,1,18,4,4.7081,1
2026-06-22T06:52:27.261879+00:00,solana,USELESS,2.2346,raydium,meteora,317610,1,9,1,0.6737,0
2026-06-22T07:05:43.576992+00:00,solana,ONE,0.9009,orca,raydium,3053235,0,6,4,0.2694,1
2026-06-22T06:50:47.049159+00:00,sui,CETUS,15.5712,cetus,cetus,411620,1,18,1,45.5346,0
2026-06-22T06:50:47.049159+00:00,solana,USDG,0.6634,orca,orca,3445413,0,18,5,0.1737,1
2026-06-22T06:54:06.812527+00:00,solana,USDE,0.4931,orca,orca,2185486,1,18,0,-0.14,0
2026-06-22T06:54:06.812527+00:00,base,VIRTUAL,0.738,aerodrome,aerodrome,490246,0,18,0,-0.43,0
2026-06-22T06:57:26.753264+00:00,base,WETH,0.6028,uniswap,uniswap,731570,1,18,0,-0.4786,0
2026-06-22T07:08:52.957979+00:00,base,SOL,0.3656,aerodrome,aerodrome,250461,1,13,0,-1.7201,0
2026-06-22T07:02:34.203650+00:00,solana,GIGA,1.7216,raydium,meteora,273561,0,18,0,-0.3156,0
2026-06-22T07:05:43.576992+00:00,sui,USDC,0.4012,turbos-finance,cetus,443896,0,17,0,-0.8448,0
2026-06-22T07:05:43.576992+00:00,base,CBBTC,0.5706,aerodrome,aerodrome,704101,1,17,0,-0.1152,0
2026-06-22T07:07:18.177619+00:00,solana,HYPE,0.3611,orca,meteora,844417,1,17,0,-0.1829,0
2026-06-22T07:07:18.177619+00:00,base,ETH,1.0734,uniswap,uniswap,714505,0,17,8,0.5159,1
2026-06-22T07:08:52.957979+00:00,solana,SOL,0.4831,raydium,raydium,569707,1,17,2,0.5502,1
2026-06-22T07:08:52.957979+00:00,base,CBETH,0.3493,alien-base,aerodrome,274770,1,17,0,-1.2451,0
2026-06-22T07:12:02.373690+00:00,solana,JUP,1.5752,meteora,orca,292981,1,17,1,0.0462,0
2026-06-22T07:12:02.373690+00:00,base,WEETH,0.4044,aerodrome,aerodrome,381346,0,17,0,-0.7283,0
2026-06-22T07:15:44.636868+00:00,solana,MET,2.2436,meteora,meteora,301759,1,18,2,0.0797,1
2026-06-22T07:15:44.636868+00:00,base,AERO,1.1856,aerodrome,aerodrome,858517,1,18,6,0.435,1
2026-06-22T07:15:44.636868+00:00,base,VVV,0.7185,aerodrome,aerodrome,359047,1,18,5,0.105,1
2026-06-22T07:53:43.634035+00:00,base,SOL,0.3957,aerodrome,aerodrome,255072,1,2,0,-2.0697,0
2026-06-22T07:30:53.868560+00:00,solana,JUPSOL,1.8134,meteora,meteora,274106,0,17,0,-0.1232,0
2026-06-22T07:32:33.539077+00:00,solana,USDE,0.3214,orca,orca,2178779,1,17,0,-0.3627,0
2026-06-22T07:32:33.539077+00:00,base,VIRTUAL,0.5151,uniswap,aerodrome,899319,1,17,0,-0.3978,0
2026-06-22T07:32:33.539077+00:00,base,WETH,0.3302,uniswap,uniswap,392959,1,17,0,-0.6825,0
2026-06-22T07:37:33.381773+00:00,base,CBBTC,0.7493,uniswap,aerodrome,708283,1,17,0,-0.0896,0
2026-06-22T07:40:52.908093+00:00,solana,SOL,0.7579,meteora,raydium,572655,1,17,2,0.8379,1
2026-06-22T07:40:52.908093+00:00,base,CBETH,0.7161,alien-base,aerodrome,256369,1,17,0,-1.3422,0
2026-06-22T07:56:57.428894+00:00,base,SOL,0.4107,aerodrome,aerodrome,250205,1,8,0,-1.7788,0
2026-06-22T07:47:16.074755+00:00,base,FBOMB,2.0799,aerodrome,aerodrome,1111879,1,17,16,1.2186,1
2026-06-22T07:48:53.054558+00:00,solana,MET,2.0383,meteora,meteora,312415,0,17,7,0.5736,1
2026-06-22T07:48:53.054558+00:00,base,AERO,0.4946,aerodrome,uniswap,355108,1,17,0,-0.0783,0
2026-06-22T07:50:30.007405+00:00,sui,CETUS,0.6051,cetus,cetus,442568,0,17,0,-0.5247,0
2026-06-22T08:15:47.598872+00:00,sui,USDSUI,0.3817,turbos-finance,cetus,445911,0,6,0,-1.2456,0
2026-06-22T07:55:20.508902+00:00,base,BNKR,0.8999,aerodrome,uniswap,272426,0,17,0,-1.0699,0
2026-06-22T07:56:57.428894+00:00,solana,PENGU,0.6108,orca,pumpswap,1118406,0,17,0,-0.0163,0
2026-06-22T08:01:03.266277+00:00,solana,JUP,0.8427,orca,meteora,293465,1,18,0,-0.6714,0
2026-06-22T08:02:43.069948+00:00,solana,GIGA,1.4615,raydium,meteora,273561,0,18,0,-0.5012,0
2026-06-22T08:06:02.300161+00:00,solana,HYPE,0.6364,meteora,meteora,396522,1,18,0,-0.3799,0
2026-06-22T08:21:07.775141+00:00,sui,SUI,0.3377,momentum,steamm,341748,1,12,0,-1.1499,0
2026-06-22T08:09:23.496787+00:00,base,CBBTC,0.9104,pancakeswap,aerodrome,313268,1,18,2,0.1264,1
2026-06-22T08:22:54.353626+00:00,solana,USDG,0.857,orca,orca,3459763,0,12,7,22.3698,1
2026-06-22T08:12:42.546120+00:00,solana,SOL,0.7173,meteora,raydium,572525,1,18,3,0.8897,1
2026-06-22T08:24:41.263829+00:00,solana,ONE,0.9091,raydium,orca,3004940,0,13,11,2.9754,1
2026-06-22T08:15:47.598872+00:00,base,WETH,0.3997,uniswap,hydrex,508994,1,18,0,-0.7347,0
2026-06-22T08:17:34.414678+00:00,base,CBETH,0.6517,alien-base,aerodrome,256369,1,18,0,-1.0058,0
2026-06-22T08:17:34.414678+00:00,base,SOL,0.4452,aerodrome,aerodrome,254304,1,18,0,-1.5945,0
2026-06-22T08:22:54.353626+00:00,base,VIRTUAL,0.7665,uniswap,aerodrome,897623,1,18,6,0.3216,1
2026-06-22T08:28:15.641386+00:00,solana,JUPSOL,1.8368,meteora,meteora,274079,1,18,0,-0.1232,0
2026-06-22T08:32:28.008758+00:00,base,BRETT,1.0839,uniswap,aerodrome,745401,0,17,1,0.0457,0
2026-06-22T08:37:11.708285+00:00,solana,JUP,1.0392,meteora,meteora,411525,1,17,0,-0.4333,0
2026-06-22T08:37:11.708285+00:00,solana,JITOSOL,0.643,orca,meteora,346899,0,17,0,-0.0335,0
2026-06-22T08:38:46.562780+00:00,sui,USDC,0.3501,turbos-finance,turbos-finance,263571,1,17,0,-1.0218,0
2026-06-22T08:38:46.562780+00:00,solana,HYPE,0.6258,meteora,meteora,1368576,1,17,0,-0.1669,0
2026-06-22T08:38:46.562780+00:00,base,AERO,1.1294,aerodrome,uniswap,355108,0,17,0,-0.2407,0
2026-06-22T08:41:55.822174+00:00,solana,GIGA,0.6245,meteora,raydium,269084,1,17,0,-1.1053,0
2026-06-22T09:01:07.972902+00:00,solana,POPCAT,0.5599,raydium,raydium,591282,0,8,2,2.6734,1
2026-06-22T08:41:55.822174+00:00,base,CBBTC,1.0834,uniswap,aerodrome,708949,1,17,4,0.1226,1
2026-06-22T08:47:15.398279+00:00,solana,SOL,1.589,raydium,raydium,567042,1,17,0,-0.0237,0
2026-06-22T08:48:50.345697+00:00,solana,MET,1.467,meteora,meteora,312981,1,17,1,0.0617,0
2026-06-22T08:50:24.976644+00:00,solana,FO,0.4735,meteora,meteora,2470295,0,17,0,-0.3164,0
2026-06-22T08:51:59.539440+00:00,base,SOL,0.3019,aerodrome,aerodrome,251750,1,17,0,-1.6668,0
2026-06-22T09:20:43.584597+00:00,solana,USDC,1.6086,raydium,orca,1172727,1,3,1,0.767,0
2026-06-22T09:05:52.862701+00:00,base,WETH,0.3176,uniswap,hydrex,508752,1,17,0,-0.762,0
2026-06-22T09:09:02.508019+00:00,base,VIRTUAL,1.0182,aerodrome,aerodrome,498701,1,17,12,0.2699,1
2026-06-22T09:15:44.134587+00:00,solana,ORE,0.8103,meteora,orca,269308,1,18,0,-0.1985,0
2026-06-22T09:19:04.336320+00:00,solana,SOL,0.6165,raydium,pumpswap,569548,1,18,1,0.0955,0
2026-06-22T09:19:04.336320+00:00,base,CBBTC,1.2703,pancakeswap,aerodrome,313325,1,18,8,0.3102,1
2026-06-22T09:20:43.584597+00:00,solana,JUPSOL,1.8134,meteora,meteora,274109,1,18,0,-0.1232,0
2026-06-22T09:22:23.025582+00:00,base,AERO,0.7437,aerodrome,uniswap,355108,1,18,0,-0.5759,0
2026-06-22T09:24:03.146382+00:00,solana,MET,0.8987,meteora,meteora,764551,1,18,2,0.0633,1
2026-06-22T09:24:03.146382+00:00,base,SOL,0.3119,aerodrome,aerodrome,256918,1,18,0,-1.7059,0
2026-06-22T09:31:01.418120+00:00,sui,USDSUI,0.3203,bluefin,turbos-finance,449034,0,17,0,-1.0715,0
2026-06-22T09:27:23.814616+00:00,solana,JUP,1.0392,meteora,meteora,411525,1,18,3,0.0463,1
2026-06-22T09:31:01.418120+00:00,solana,HYPE,0.5509,meteora,meteora,396764,0,17,0,-0.3674,0
2026-06-22T09:32:41.454857+00:00,solana,JITOSOL,0.6134,orca,meteora,346222,0,17,0,-0.1665,0
2026-06-22T09:39:19.901973+00:00,base,WETH,0.3017,aerodrome,uniswap,1143969,1,17,0,-0.5562,0
2026-06-22T09:52:11.176183+00:00,base,CBBTC,0.9921,pancakeswap,aerodrome,313167,1,18,4,0.1171,1
2026-06-22T09:55:24.905394+00:00,solana,SOL,2.9514,raydium,raydium,562565,1,18,4,0.6531,1
2026-06-22T10:09:28.096188+00:00,solana,POPCAT,0.3741,raydium,raydium,591768,0,12,0,-0.6773,0
2026-06-22T10:30:57.068052+00:00,solana,JITOSOL,0.5921,orca,meteora,346280,1,2,0,-1.6231,0
2026-06-22T10:01:08.002715+00:00,base,BNKR,0.3129,uniswap,aerodrome,257824,1,18,0,-1.2751,0
2026-06-22T10:12:47.285662+00:00,base,SOL,0.352,aerodrome,aerodrome,258784,1,11,0,-1.6817,0
2026-06-22T10:04:28.222988+00:00,solana,MET,1.0047,meteora,meteora,790710,1,18,3,0.2318,1
2026-06-22T10:09:28.096188+00:00,sui,CETUS,0.4929,cetus,cetus,443491,0,18,0,-0.9629,0
2026-06-22T10:09:28.096188+00:00,solana,JUP,1.0019,meteora,meteora,411126,1,18,0,-0.4715,0
2026-06-22T10:09:28.096188+00:00,base,CBETH,0.3239,pancakeswap,aerodrome,366450,0,18,0,-1.1034,0
2026-06-22T10:11:08.000267+00:00,base,ETH,1.6429,uniswap,uniswap,714505,0,18,17,0.5852,1
2026-06-22T10:11:08.000267+00:00,base,BRETT,0.9015,uniswap,aerodrome,736002,0,18,0,-0.1434,0
2026-06-22T10:11:08.000267+00:00,base,WETH,0.4011,0x03C01Acae3D0173a93d819efDc832C7C4F153B06,uniswap,387849,1,18,0,-0.7775,0
2026-06-22T10:12:47.285662+00:00,base,WEETH,0.8115,aerodrome,aerodrome,389449,1,18,0,-0.7171,0
2026-06-22T10:45:42.191464+00:00,solana,POPCAT,1.3822,raydium,raydium,592465,1,2,0,-0.6347,0
2026-06-22T10:22:09.687503+00:00,base,VIRTUAL,0.9363,aerodrome,aerodrome,496647,1,17,1,0.0562,0
2026-06-22T10:53:47.587749+00:00,solana,USDC,3.4173,meteora,orca,333912,1,2,0,-0.8744,0
2026-06-22T10:25:23.805181+00:00,base,CBBTC,0.9206,uniswap,aerodrome,707840,1,17,6,0.1517,1
2026-06-22T10:32:35.397958+00:00,solana,SOL,0.5986,orca,pumpswap,2475053,1,17,5,0.0955,1
2026-06-22T11:01:05.283947+00:00,solana,TRUMP,0.5319,meteora,orca,917158,0,2,0,-0.6009,0
2026-06-22T10:34:13.274784+00:00,base,AERO,0.8591,aerodrome,uniswap,355108,1,17,0,-0.4594,0
2026-06-22T10:37:29.480545+00:00,solana,MET,0.6362,meteora,meteora,943010,1,17,2,0.1864,1
2026-06-22T11:01:05.283947+00:00,base,SOL,0.312,aerodrome,aerodrome,260782,1,5,0,-1.7366,0
2026-06-22T10:48:56.286144+00:00,solana,GIGA,1.3001,meteora,raydium,266664,0,13,0,-0.6261,0
2026-06-22T11:07:38.071748+00:00,sui,USDSUI,0.3616,turbos-finance,bluefin,425621,0,5,0,-0.925,0
2026-06-22T10:45:42.191464+00:00,solana,JUP,0.6202,meteora,orca,291231,1,17,0,-0.233,0
2026-06-22T10:50:33.449324+00:00,solana,JUPSOL,1.8368,meteora,meteora,274081,0,14,0,-0.1232,0
2026-06-22T10:48:56.286144+00:00,base,VVV,0.3846,uniswap,aerodrome,294300,1,15,0,-1.1151,0
2026-06-22T11:12:33.224957+00:00,sui,SUI,0.6789,momentum,steamm,345013,1,3,0,-1.5821,0
2026-06-22T11:07:38.071748+00:00,sui,USDC,0.3731,turbos-finance,cetus,706305,0,7,0,-0.7244,0
2026-06-22T10:57:01.566167+00:00,solana,HYPE,19.0669,orca,meteora,392840,1,12,11,18.3588,1
2026-06-22T10:57:01.566167+00:00,base,CBBTC,1.14,uniswap,aerodrome,709075,1,12,2,0.1206,1
2026-06-22T11:07:38.071748+00:00,solana,JITOSOL,0.6868,meteora,orca,347827,0,9,2,0.0613,1
2026-06-22T11:02:43.666843+00:00,base,VIRTUAL,1.0214,aerodrome,aerodrome,487076,1,13,0,-0.3063,0
2026-06-22T11:02:43.666843+00:00,base,WETH,0.3166,uniswap,0x03C01Acae3D0173a93d819efDc832C7C4F153B06,387889,1,13,0,-0.3788,0
2026-06-22T11:04:21.714050+00:00,solana,SOL,0.5714,orca,raydium,2474974,1,13,2,0.1706,1
2026-06-22T11:10:55.080787+00:00,solana,MET,0.9479,meteora,meteora,316247,1,11,1,0.0119,0
2026-06-22T11:12:33.224957+00:00,solana,GIGA,0.3293,meteora,raydium,270008,1,10,0,-1.1673,0
2026-06-22T11:35:08.955117+00:00,solana,TRUMP,0.5291,meteora,meteora,4011453,0,3,0,-0.071,0
2026-06-22T11:07:38.071748+00:00,base,ETH,1.9463,uniswap,uniswap,714505,0,13,8,0.7635,1
2026-06-22T11:07:38.071748+00:00,base,CBETH,0.8047,alien-base,aerodrome,257199,0,13,0,-0.6681,0
2026-06-22T11:12:33.224957+00:00,base,BRETT,0.9875,uniswap,aerodrome,737933,0,10,3,0.174,1
2026-06-22T11:12:33.224957+00:00,base,AERO,0.9856,aerodrome,aerodrome,865335,1,10,0,-0.0693,0
2026-06-22T11:28:20.645338+00:00,solana,USELESS,0.6083,raydium,meteora,316304,0,8,0,-1.1568,0
2026-06-22T11:30:03.180857+00:00,base,CBBTC,0.5516,uniswap,aerodrome,707287,1,13,0,-0.169,0
2026-06-22T11:35:08.955117+00:00,base,WETH,1.1047,uniswap,aerodrome,731622,1,14,0,-0.1214,0
2026-06-22T11:35:08.955117+00:00,base,VIRTUAL,0.3321,uniswap,aerodrome,492076,1,14,1,0.1837,0
2026-06-22T11:36:50.284875+00:00,sui,USDC,0.6244,turbos-finance,cetus,699654,1,14,0,-0.7572,0
2026-06-22T11:36:50.284875+00:00,solana,SOL,0.3507,raydium,meteora,659052,1,14,0,-0.3111,0
2026-06-22T11:50:51.598676+00:00,base,USDT,0.3006,aerodrome,aerodrome,344613,1,13,0,-1.3415,0
2026-06-22T11:49:14.766405+00:00,solana,USDE,28.141,orca,orca,2810866,0,16,14,27.4982,1
2026-06-22T11:49:14.766405+00:00,solana,JUP,1.3836,meteora,orca,293509,1,20,5,0.9026,1
2026-06-22T11:50:51.598676+00:00,sui,USDSUI,0.4625,turbos-finance,bluefin,425195,1,20,0,-0.9893,0
2026-06-22T11:50:51.598676+00:00,base,CBETH,1.7833,alien-base,aerodrome,257199,1,20,0,-0.2792,0
2026-06-22T11:50:51.598676+00:00,base,AERO,1.6089,uniswap,uniswap,355108,0,20,0,-0.1893,0
2026-06-22T11:50:51.598676+00:00,base,WEETH,1.5296,aerodrome,aerodrome,394662,0,20,19,0.0146,1
2026-06-22T11:50:51.598676+00:00,base,BRETT,1.3554,uniswap,aerodrome,752788,0,20,5,0.9878,1
2026-06-22T11:50:51.598676+00:00,base,BNKR,1.3535,uniswap,aerodrome,289822,0,20,0,-0.5282,0
2026-06-22T11:50:51.598676+00:00,base,VVV,0.827,aerodrome,aerodrome,280202,1,20,0,-0.866,0
2026-06-22T11:52:29.024500+00:00,solana,MET,0.5893,meteora,meteora,317844,1,20,3,0.0636,1
2026-06-22T11:52:29.024500+00:00,solana,HYPE,0.5574,meteora,meteora,392008,1,20,0,-0.1021,0
2026-06-22T12:11:23.559730+00:00,solana,TRUMP,0.5291,meteora,meteora,4008250,0,8,0,-0.0712,0
2026-06-22T11:54:06.476322+00:00,solana,JITOSOL,0.4633,meteora,orca,2016973,1,20,0,-0.225,0
2026-06-22T12:23:51.937265+00:00,solana,POPCAT,0.8864,raydium,raydium,595684,0,2,0,-1.1539,0
2026-06-22T12:18:59.455074+00:00,sui,BUCK,0.4407,cetus,bluefin,1089655,0,8,0,-0.6134,0
2026-06-22T12:01:06.579485+00:00,base,CBBTC,0.8181,aerodrome,aerodrome,552764,1,18,0,-0.3307,0
2026-06-22T12:02:49.658213+00:00,solana,ORE,1.2946,meteora,orca,270144,0,18,0,-0.6866,0
2026-06-22T12:04:32.259384+00:00,base,FBOMB,2.4126,aerodrome,aerodrome,1116054,0,18,17,1.5527,1
2026-06-22T12:20:36.943923+00:00,solana,USDE,13.0905,orca,orca,2477856,1,10,8,12.4285,1
2026-06-22T12:07:57.072171+00:00,base,WETH,0.7745,uniswap,0x03C01Acae3D0173a93d819efDc832C7C4F153B06,388004,1,18,0,-0.3134,0
2026-06-22T12:09:40.665220+00:00,sui,USDC,0.4164,turbos-finance,cetus,607449,1,18,0,-0.9121,0
2026-06-22T12:09:40.665220+00:00,solana,PENGU,0.7522,meteora,orca,2351524,0,18,2,0.0816,1
2026-06-22T12:09:40.665220+00:00,solana,SOL,0.6493,raydium,meteora,659082,1,18,1,0.5033,0
2026-06-22T12:42:09.080861+00:00,sui,CETUS,0.7475,cetus,cetus,450462,0,2,0,-1.0885,0
2026-06-22T12:13:05.956133+00:00,base,VIRTUAL,0.464,aerodrome,uniswap,1162744,1,18,1,0.1995,0
2026-06-22T12:18:59.455074+00:00,base,MAMO,1.5696,aerodrome,aerodrome,354700,0,17,0,-0.1186,0
2026-06-22T12:30:59.536258+00:00,solana,POPCAT,1.7298,raydium,raydium,598512,1,16,3,0.561,1
2026-06-22T12:30:59.536258+00:00,solana,JUP,1.5267,meteora,orca,293921,1,17,8,0.8166,1
2026-06-22T12:32:36.447094+00:00,sui,USDSUI,0.4809,bluefin,turbos-finance,309325,1,17,0,-1.2452,0
2026-06-22T12:32:36.447094+00:00,base,CBETH,1.1623,alien-base,aerodrome,257199,1,17,0,-0.8944,0
2026-06-22T12:34:11.978564+00:00,base,CBBTC,0.4559,aerodrome,pancakeswap,707492,1,17,0,-0.2129,0
2026-06-22T12:37:22.992640+00:00,solana,HYPE,0.6335,orca,meteora,392583,1,17,0,-0.0748,0
2026-06-22T12:40:33.978368+00:00,base,VVV,0.6958,uniswap,aerodrome,587791,1,17,0,-0.3269,0
2026-06-22T12:40:33.978368+00:00,base,WETH,0.6201,uniswap,uniswap,733363,1,17,0,-0.4092,0
2026-06-22T12:42:09.080861+00:00,solana,SOL,0.553,raydium,raydium,573126,1,17,0,-0.0521,0
2026-06-22T12:47:22.491239+00:00,base,VIRTUAL,0.5965,aerodrome,aerodrome,502946,1,17,0,-0.0661,0
2026-06-22T12:52:16.932948+00:00,base,AERO,1.2715,aerodrome,aerodrome,1033645,1,17,0,-0.6418,0
2026-06-22T12:53:55.074092+00:00,base,FBOMB,2.8099,aerodrome,aerodrome,1119713,0,17,16,2.0339,1
2026-06-22T13:25:53.988806+00:00,solana,USDC,1.0252,meteora,orca,1041815,0,2,0,-1.6824,0
2026-06-22T13:15:48.390504+00:00,sui,USDSUI,0.3405,turbos-finance,bluefin,313268,1,9,0,-1.1811,0
2026-06-22T13:19:10.592455+00:00,sui,USDC,0.3862,turbos-finance,cetus,670070,1,7,0,-0.8003,0
2026-06-22T13:22:32.788389+00:00,sui,CETUS,1.1727,cetus,cetus,450778,0,5,0,-1.0142,0
2026-06-22T13:02:51.016856+00:00,solana,MET,1.0532,meteora,meteora,314592,1,16,0,-0.054,0
2026-06-22T13:06:18.930452+00:00,solana,JUP,2.2901,meteora,meteora,411126,1,14,1,0.8166,0
2026-06-22T13:09:45.854627+00:00,solana,HYPE,8.9994,meteora,meteora,282446,1,12,0,-0.2964,0
2026-06-22T13:15:48.390504+00:00,solana,SOL,2.0842,meteora,raydium,576508,1,9,2,0.8898,1
2026-06-22T13:17:29.694491+00:00,solana,FO,0.873,meteora,meteora,2452219,0,8,6,0.2974,1
2026-06-22T13:27:35.049182+00:00,solana,JUPSOL,2.009,meteora,meteora,274082,1,2,1,0.1866,0
2026-06-22T13:27:35.049182+00:00,solana,GIGA,0.6524,raydium,meteora,273585,0,2,0,-1.3102,0
2026-06-22T13:06:18.930452+00:00,base,CBBTC,0.7702,aerodrome,aerodrome,707680,1,14,0,-0.3958,0
2026-06-22T13:11:29.432165+00:00,base,MAMO,0.5774,aerodrome,aerodrome,354909,1,11,0,-0.8001,0
2026-06-22T13:13:12.916804+00:00,base,WETH,0.6309,uniswap,aerodrome,733363,1,10,0,-0.4035,0
2026-06-22T13:24:13.331734+00:00,base,AERO,1.0719,uniswap,uniswap,363229,1,4,0,-0.0443,0
2026-06-22T13:24:13.331734+00:00,base,VIRTUAL,0.4292,uniswap,aerodrome,898023,1,4,0,-0.5157,0
2026-06-22T14:09:50.905686+00:00,solana,ORE,0.8099,orca,meteora,270466,1,2,0,-1.967,0
2026-06-22T14:08:06.712327+00:00,solana,POPCAT,1.0378,raydium,raydium,591063,0,4,0,-0.0558,0
2026-06-22T14:01:09.916521+00:00,solana,ARC,2.2045,meteora,raydium,325860,1,9,7,1.0154,1
2026-06-22T14:02:54.341509+00:00,solana,HYPE,0.4646,meteora,meteora,286775,1,16,0,-0.2526,0
2026-06-22T14:01:09.916521+00:00,solana,PENGU,0.6829,meteora,pumpswap,1138771,0,18,5,0.3458,1
2026-06-22T14:19:25.473335+00:00,solana,FO,1.3543,meteora,meteora,2450450,0,8,6,0.6906,1
2026-06-22T14:01:09.916521+00:00,base,BRETT,1.2365,uniswap,aerodrome,751690,0,18,3,0.2028,1
2026-06-22T14:01:09.916521+00:00,base,VVV,0.9485,uniswap,uniswap,521960,1,18,5,0.3153,1
2026-06-22T14:02:54.341509+00:00,solana,GIGA,0.9084,raydium,meteora,273585,0,18,0,-0.7661,0
2026-06-22T14:02:54.341509+00:00,solana,JITOSOL,0.4064,orca,meteora,349284,0,18,0,-0.2674,0
2026-06-22T14:02:54.341509+00:00,solana,SOL,0.4018,meteora,raydium,3306366,1,18,2,1.2901,1
2026-06-22T14:04:38.740204+00:00,solana,JUPSOL,2.3875,meteora,meteora,274098,0,17,4,0.3129,1
2026-06-22T14:19:25.473335+00:00,solana,USELESS,0.5527,raydium,meteora,319916,0,9,0,-1.1115,0
2026-06-22T14:02:54.341509+00:00,base,WETH,0.8398,uniswap,uniswap,397326,1,18,0,-0.2281,0
2026-06-22T14:02:54.341509+00:00,base,AERO,0.6646,aerodrome,aerodrome,1101021,1,18,1,0.1891,0
2026-06-22T14:02:54.341509+00:00,base,CBBTC,0.315,aerodrome,uniswap,554046,1,18,1,0.0252,0
2026-06-22T14:04:38.740204+00:00,base,CBETH,0.6794,alien-base,hydrex,259662,1,17,0,-0.8251,0
2026-06-22T14:06:22.535998+00:00,solana,MET,0.4785,meteora,meteora,897726,1,17,3,0.139,1
2026-06-22T14:08:06.712327+00:00,sui,USDSUI,0.3303,cetus,turbos-finance,423029,1,17,0,-0.8637,0
2026-06-22T14:08:06.712327+00:00,base,VIRTUAL,0.4624,uniswap,aerodrome,1163696,1,17,1,0.0648,0
2026-06-22T14:31:01.636347+00:00,solana,POPCAT,0.5676,raydium,raydium,587301,1,6,0,-0.3181,0
2026-06-22T14:40:09.597568+00:00,sui,WAL,0.301,bluefin,bluefin,338288,0,2,0,-1.6795,0
2026-06-22T14:11:35.181162+00:00,solana,USDE,12.0933,meteora,orca,2390095,1,17,16,11.4255,1
2026-06-22T14:13:18.667717+00:00,base,MAMO,0.9947,aerodrome,aerodrome,354498,0,17,0,-0.4102,0
2026-06-22T14:40:09.597568+00:00,sui,SUI,0.622,momentum,steamm,345322,0,6,0,-1.3721,0
2026-06-22T14:19:25.473335+00:00,solana,JUP,0.9896,meteora,meteora,671513,1,17,4,0.0335,1
2026-06-22T14:51:15.363925+00:00,sui,SUI,0.5797,steamm,momentum,344483,0,4,0,-1.0548,0
2026-06-22T14:34:40.705510+00:00,sui,USDC,0.3904,turbos-finance,turbos-finance,269350,1,18,0,-0.8968,0
2026-06-22T14:36:30.218126+00:00,solana,SOL,0.5724,raydium,meteora,655916,1,18,0,-0.0708,0
2026-06-22T14:36:30.218126+00:00,base,CBBTC,1.144,uniswap,aerodrome,439580,1,18,0,-0.2209,0
2026-06-22T14:36:30.218126+00:00,base,WETH,0.3695,0x03C01Acae3D0173a93d819efDc832C7C4F153B06,uniswap,387898,1,18,0,-0.556,0
2026-06-22T14:40:09.597568+00:00,solana,USELESS,0.79,meteora,raydium,315572,0,18,0,-0.9781,0
2026-06-22T14:40:09.597568+00:00,base,AERO,1.1738,uniswap,aerodrome,360318,1,18,0,-0.4174,0
2026-06-22T14:40:09.597568+00:00,base,VIRTUAL,0.9873,aerodrome,aerodrome,482822,1,18,3,0.0705,1
2026-06-22T15:15:42.408591+00:00,solana,GIGA,0.5885,meteora,raydium,268847,0,2,0,-1.9515,0
2026-06-22T14:47:36.661984+00:00,base,MAMO,1.4391,aerodrome,aerodrome,352833,0,17,0,-0.1961,0
2026-06-22T14:51:15.363925+00:00,solana,JUP,1.0706,meteora,orca,289105,1,17,0,-0.307,0
2026-06-22T14:51:15.363925+00:00,solana,MET,0.8788,meteora,meteora,302337,1,17,0,-0.0253,0
2026-06-22T14:58:35.758624+00:00,base,WEETH,1.128,aerodrome,aerodrome,390559,0,18,0,-0.1879,0
2026-06-22T15:02:41.130575+00:00,solana,HYPE,0.427,orca,meteora,901760,1,18,0,-0.0213,0
2026-06-22T15:09:04.878651+00:00,solana,POPCAT,7.9889,raydium,raydium,606668,1,17,0,-0.5677,0
2026-06-22T15:09:04.878651+00:00,solana,SOL,0.5739,raydium,raydium,569490,1,17,2,0.5068,1
2026-06-22T15:09:04.878651+00:00,base,CBBTC,1.014,aerodrome,aerodrome,711996,1,17,1,0.0189,0
2026-06-22T15:09:04.878651+00:00,base,WETH,0.4938,0x03C01Acae3D0173a93d819efDc832C7C4F153B06,uniswap,387878,1,17,0,-0.5238,0
2026-06-22T15:12:16.462479+00:00,base,AERO,0.9281,aerodrome,aerodrome,538517,1,17,2,0.2278,1
2026-06-22T15:12:16.462479+00:00,base,VIRTUAL,0.7681,uniswap,aerodrome,1152130,1,17,1,0.0707,0
2026-06-22T15:50:38.798736+00:00,base,USDT,0.3307,aerodrome,aerodrome,345556,1,2,0,-1.6437,0
2026-06-22T15:32:34.843462+00:00,solana,JITOSOL,0.6759,meteora,orca,2004491,0,18,0,-0.1889,0
2026-06-22T15:50:38.798736+00:00,solana,JUP,0.6323,meteora,meteora,410751,1,9,0,-0.4202,0
2026-06-22T15:53:56.668093+00:00,solana,USDG,1.3173,orca,orca,3411928,0,7,0,-0.4471,0
2026-06-22T15:35:54.216816+00:00,solana,HYPE,0.8246,orca,meteora,1158143,1,18,0,-0.1685,0
2026-06-22T15:35:54.216816+00:00,solana,MET,0.8161,meteora,meteora,302337,1,18,10,1.4742,1
2026-06-22T15:48:59.787115+00:00,solana,POPCAT,1.5968,raydium,raydium,583604,1,11,1,0.8004,0
2026-06-22T15:53:56.668093+00:00,solana,GIGA,1.4444,meteora,raydium,267343,0,8,0,-0.5523,0
2026-06-22T15:40:50.485992+00:00,solana,SOL,0.5591,meteora,raydium,653367,1,18,0,-0.1523,0
2026-06-22T15:40:50.485992+00:00,base,CBBTC,1.0746,uniswap,aerodrome,440003,1,18,3,0.2307,1
2026-06-22T15:40:50.485992+00:00,base,WETH,0.5146,quickswap,uniswap,385983,1,18,0,-0.035,0
2026-06-22T15:50:38.798736+00:00,sui,USDSUI,0.4304,cetus,cetus,280049,1,14,0,-1.0758,0
2026-06-22T15:50:38.798736+00:00,solana,PENGU,0.8918,meteora,pumpswap,1115786,0,14,0,-0.0023,0
2026-06-22T15:45:42.097796+00:00,base,VIRTUAL,0.7683,uniswap,aerodrome,1151971,1,17,3,0.1971,1
2026-06-22T15:48:59.787115+00:00,base,AERO,0.4897,aerodrome,aerodrome,653576,1,15,2,0.3589,1
2026-06-22T15:50:38.798736+00:00,base,CBETH,0.9458,hydrex,alien-base,259662,1,14,0,-0.3829,0
2026-06-22T15:50:38.798736+00:00,base,VVV,0.7038,uniswap,aerodrome,271225,0,14,1,0.2703,0
2026-06-22T15:55:35.342359+00:00,base,BRETT,0.381,aerodrome,uniswap,737033,0,11,0,-0.2624,0
2026-06-22T16:06:41.662784+00:00,base,BNKR,0.4021,uniswap,aerodrome,288212,0,6,0,-0.6838,0
2026-06-22T15:59:54.414032+00:00,base,WEETH,1.8185,aerodrome,aerodrome,383342,0,12,11,0.5391,1
2026-06-22T16:03:18.083411+00:00,base,MAMO,0.4667,aerodrome,aerodrome,318677,1,12,0,-0.634,0
2026-06-22T16:04:59.560168+00:00,base,ETH,0.6187,uniswap,uniswap,357525,1,12,0,-1.03,0
2026-06-22T16:08:22.767347+00:00,solana,HYPE,0.4953,orca,meteora,1144049,1,12,0,-0.0638,0
2026-06-22T16:25:39.114185+00:00,solana,MET,1.2203,meteora,meteora,307781,1,13,0,-0.5799,0
2026-06-22T16:25:39.114185+00:00,solana,SOL,0.5101,orca,raydium,2458676,1,13,3,0.2228,1
2026-06-22T16:25:39.114185+00:00,base,CBBTC,1.042,uniswap,aerodrome,437203,1,13,0,-0.1393,0
2026-06-22T16:25:39.114185+00:00,base,WETH,0.81,uniswap,uniswap,391644,1,13,0,-0.2012,0
2026-06-22T16:27:23.538297+00:00,base,AERO,0.8945,aerodrome,uniswap,363039,1,13,0,-0.3881,0
2026-06-22T16:27:23.538297+00:00,base,VIRTUAL,0.7257,uniswap,aerodrome,415550,1,13,0,-0.1922,0
2026-06-22T16:30:52.547801+00:00,solana,JUP,0.3411,meteora,meteora,659958,1,13,0,-0.7655,0
2026-06-22T16:36:07.332342+00:00,solana,GIGA,1.9016,raydium,meteora,270035,1,11,0,-0.3833,0
2026-06-22T16:55:29.262615+00:00,sui,SUI,0.5992,steamm,momentum,342837,0,12,0,-1.0406,0
2026-06-22T16:58:54.417727+00:00,solana,SOL,0.4469,meteora,meteora,656311,1,12,4,0.4488,1
2026-06-22T16:58:54.417727+00:00,base,VVV,0.7802,aerodrome,uniswap,577581,1,12,0,-0.4124,0
2026-06-22T16:58:54.417727+00:00,base,CBBTC,0.7591,uniswap,aerodrome,437203,1,12,0,-0.091,0
2026-06-22T16:58:54.417727+00:00,base,WETH,0.7073,aerodrome,uniswap,731942,1,12,0,-0.0778,0
2026-06-22T17:00:36.934862+00:00,base,VIRTUAL,0.4541,uniswap,aerodrome,1143555,1,11,3,0.128,1
2026-06-22T17:02:20.087505+00:00,base,AERO,0.5559,aerodrome,aerodrome,645036,1,11,0,-0.3881,0
2026-06-22T17:22:19.604131+00:00,base,SOL,0.3557,aerodrome,aerodrome,252701,1,10,0,-1.651,0
2026-06-22T17:15:44.451267+00:00,solana,JUP,0.7809,meteora,meteora,658044,0,18,0,-0.3275,0
2026-06-22T17:20:40.736830+00:00,base,BNKR,0.3579,aerodrome,uniswap,283587,1,17,0,-1.1815,0
2026-06-22T17:25:37.131676+00:00,solana,ARC,0.6859,meteora,raydium,325860,0,17,0,-0.7482,0
2026-06-22T17:30:50.452708+00:00,sui,USDSUI,0.5313,cetus,turbos-finance,290119,0,17,0,-1.3491,0
2026-06-22T17:30:50.452708+00:00,base,WEETH,2.2357,aerodrome,aerodrome,377937,1,17,16,0.8496,1
2026-06-22T17:32:32.424421+00:00,solana,MET,3.6875,meteora,meteora,307781,1,17,0,-0.1457,0
2026-06-22T17:32:32.424421+00:00,solana,SOL,0.9286,meteora,raydium,653113,1,17,2,0.4977,1
2026-06-22T17:32:32.424421+00:00,solana,HYPE,0.7736,meteora,orca,379500,1,17,0,-0.0902,0
2026-06-22T17:32:32.424421+00:00,base,CBETH,1.7139,hydrex,alien-base,259662,1,17,0,-0.3032,0
2026-06-22T17:32:32.424421+00:00,base,WETH,0.9691,aerodrome,uniswap,267613,1,17,0,-0.0676,0
2026-06-22T17:32:32.424421+00:00,base,CBBTC,0.7345,hydrex,aerodrome,346391,1,17,0,-0.4246,0
2026-06-22T17:32:32.424421+00:00,base,VIRTUAL,0.6427,uniswap,aerodrome,1138057,1,17,0,-0.1594,0
2026-06-22T17:34:15.150681+00:00,solana,POPCAT,0.5804,raydium,raydium,580835,0,17,0,-0.5656,0
2026-06-22T17:34:15.150681+00:00,base,AERO,1.272,aerodrome,uniswap,363039,1,17,1,0.2942,0
2026-06-22T17:47:31.271222+00:00,solana,JITOSOL,0.9177,orca,meteora,2005748,0,18,3,0.2178,1
2026-06-22T17:47:31.271222+00:00,base,MAMO,0.7561,aerodrome,aerodrome,318202,0,18,0,-0.7857,0
2026-06-22T17:54:51.204038+00:00,solana,JUP,1.5085,meteora,meteora,410734,1,18,6,0.1315,1
2026-06-22T17:54:51.204038+00:00,base,VVV,1.1803,uniswap,uniswap,507457,0,18,0,-0.0436,0
2026-06-22T18:12:43.407479+00:00,sui,USDC,0.3318,turbos-finance,cetus,329221,1,12,0,-1.123,0
2026-06-22T18:04:27.570997+00:00,solana,SOL,1.0238,raydium,meteora,662350,1,18,2,63.2005,1
2026-06-22T18:04:27.570997+00:00,base,WETH,0.5617,0x03C01Acae3D0173a93d819efDc832C7C4F153B06,uniswap,387706,1,18,0,-0.5993,0
2026-06-22T18:04:27.570997+00:00,base,CBBTC,0.5039,uniswap,aerodrome,10092393,1,18,1,0.0311,0
2026-06-22T18:04:27.570997+00:00,base,VIRTUAL,0.4219,uniswap,uniswap,889170,1,18,0,-0.3623,0
2026-06-22T18:06:06.644657+00:00,base,SOL,0.3135,aerodrome,aerodrome,271668,1,18,0,-1.5419,0
2026-06-22T18:09:25.512029+00:00,base,AERO,1.1146,aerodrome,aerodrome,535564,1,18,8,0.3406,1
2026-06-22T18:32:35.218836+00:00,base,BNKR,0.3571,aerodrome,uniswap,264778,1,6,0,-0.6841,0
2026-06-22T18:27:14.984939+00:00,solana,POPCAT,1.0963,raydium,raydium,584008,0,10,0,-0.6912,0
2026-06-22T18:19:00.977235+00:00,sui,WBTC,0.329,bluefin,momentum,357587,0,17,0,-1.2906,0
2026-06-22T18:47:40.675649+00:00,solana,POPCAT,1.0307,raydium,raydium,575044,0,3,0,-1.0644,0
2026-06-22T18:27:14.984939+00:00,solana,TRUMP,0.5263,meteora,meteora,4023515,0,14,0,-0.0736,0
2026-06-22T18:30:55.684439+00:00,solana,HYPE,0.842,meteora,orca,1169423,1,17,2,1.823,1
2026-06-22T18:37:33.173247+00:00,solana,MET,1.3423,meteora,meteora,306151,1,18,0,-0.0932,0
2026-06-22T18:47:40.675649+00:00,solana,GIGA,0.4853,meteora,raydium,265604,1,13,0,-1.2973,0
2026-06-22T18:37:33.173247+00:00,base,WETH,0.5501,0x03C01Acae3D0173a93d819efDc832C7C4F153B06,uniswap,387707,1,18,0,-0.1254,0
2026-06-22T18:37:33.173247+00:00,base,CBBTC,0.4625,quickswap,uniswap,274376,1,18,2,0.0468,1
2026-06-22T18:39:14.348161+00:00,solana,JUP,1.7518,meteora,orca,289580,1,18,5,0.0341,1
2026-06-22T18:39:14.348161+00:00,solana,PENGU,0.3908,orca,meteora,2304615,0,18,8,0.444,1
2026-06-22T18:40:52.935322+00:00,solana,SOL,1.1962,meteora,raydium,569528,1,18,1,0.3588,0
2026-06-22T18:40:52.935322+00:00,base,SOL,0.4096,aerodrome,aerodrome,274496,1,18,0,-1.5491,0
2026-06-22T18:42:31.992943+00:00,base,VIRTUAL,0.3711,aerodrome,aerodrome,487917,1,18,13,0.5591,1
2026-06-22T18:47:40.675649+00:00,sui,USDC,0.3401,turbos-finance,turbos-finance,267011,1,18,0,-1.095,0
2026-06-22T18:47:40.675649+00:00,base,CBETH,1.6793,hydrex,alien-base,259662,1,18,0,-0.0722,0
2026-06-22T18:47:40.675649+00:00,base,AERO,0.3146,aerodrome,aerodrome,532850,1,18,0,-0.5393,0
2026-06-22T18:49:31.993616+00:00,base,VVV,0.9798,aerodrome,uniswap,579489,1,18,0,-0.146,0
2026-06-22T18:56:52.072945+00:00,sui,USDSUI,0.5211,bluefin,turbos-finance,286900,1,18,0,-1.3246,0
2026-06-22T18:56:52.072945+00:00,solana,ORE,1.5494,meteora,orca,268168,0,18,0,-0.4427,0
2026-06-22T18:56:52.072945+00:00,base,WEETH,2.3425,aerodrome,aerodrome,377543,0,18,17,0.8864,1
2026-06-22T19:02:44.974347+00:00,solana,HYPE,0.5006,meteora,meteora,1366315,1,16,0,-0.4064,0
2026-06-22T18:58:41.885185+00:00,base,MAMO,0.9743,aerodrome,aerodrome,317846,0,18,0,-0.7253,0
2026-06-22T19:10:44.131729+00:00,base,WETH,1.0757,0x03C01Acae3D0173a93d819efDc832C7C4F153B06,uniswap,387524,1,11,0,-0.0814,0
2026-06-22T19:10:44.131729+00:00,base,CBBTC,0.9287,aerodrome,aerodrome,702627,1,11,0,-0.0722,0
2026-06-22T19:42:25.610510+00:00,solana,USDG,2.0969,orca,orca,3443733,1,2,0,-0.5785,0
2026-06-22T19:15:42.613646+00:00,solana,SOL,3.1809,orca,raydium,442420,1,12,1,10.4558,0
2026-06-22T19:15:42.613646+00:00,solana,JUP,1.4112,meteora,orca,287684,1,12,4,24.0676,1
2026-06-22T19:17:32.667153+00:00,base,VIRTUAL,1.1773,uniswap,aerodrome,1133474,1,12,4,0.2544,1
2026-06-22T19:21:11.539269+00:00,base,AERO,0.9081,aerodrome,aerodrome,867346,1,12,1,0.0679,0
2026-06-22T19:24:51.664221+00:00,base,BRETT,1.1054,aerodrome,uniswap,704093,1,12,6,0.151,1
2026-06-22T19:24:51.664221+00:00,base,VVV,0.8553,uniswap,uniswap,506554,1,12,0,-0.3698,0
2026-06-22T19:26:41.282593+00:00,base,FBOMB,3.0428,aerodrome,aerodrome,1122581,1,11,1,1.6915,0
2026-06-22T20:07:19.994942+00:00,base,SOL,0.3166,aerodrome,aerodrome,270268,1,5,0,-1.7974,0
2026-06-22T19:44:00.904956+00:00,base,WETH,0.8773,uniswap,uniswap,731046,1,14,0,-0.0856,0
2026-06-22T19:44:00.904956+00:00,base,CBBTC,0.6999,aerodrome,aerodrome,543212,1,14,0,-0.0244,0
2026-06-22T20:15:19.664178+00:00,sui,WAL,0.353,bluefin,bluefin,340639,0,2,0,-1.6745,0
2026-06-22T19:47:11.961405+00:00,sui,USDC,0.4164,turbos-finance,cetus,264786,1,14,0,-1.0247,0
2026-06-22T19:48:47.638200+00:00,solana,SOL,1.1944,raydium,pumpswap,563279,1,13,0,-0.0162,0
2026-06-22T19:51:59.028455+00:00,solana,HYPE,0.4595,meteora,meteora,372460,1,11,0,-1.0921,0
2026-06-22T19:50:23.449496+00:00,base,VIRTUAL,0.8343,uniswap,aerodrome,413454,1,12,0,-0.1575,0
2026-06-22T20:32:36.315387+00:00,solana,CBBTC,1.7014,orca,meteora,1221877,0,2,0,-0.5756,0
2026-06-22T20:05:44.447093+00:00,sui,USDSUI,0.3911,turbos-finance,bluefin,297418,1,12,0,-1.1853,0
2026-06-22T20:05:44.447093+00:00,solana,JUP,2.1898,meteora,meteora,410734,1,12,9,0.7154,1
2026-06-22T20:12:08.098793+00:00,solana,JITOSOL,0.4499,orca,raydium,334725,0,12,0,-0.2194,0
2026-06-22T20:15:19.664178+00:00,solana,MET,1.2041,meteora,meteora,310471,0,11,1,0.0413,0
2026-06-22T20:13:43.745382+00:00,base,AERO,0.7224,aerodrome,aerodrome,2589772,1,12,1,0.0846,0
2026-06-22T20:16:55.456602+00:00,base,CBBTC,0.6748,uniswap,aerodrome,456565,1,11,0,-0.1565,0
2026-06-22T20:45:43.551367+00:00,sui,SUI,0.4272,momentum,steamm,345543,0,6,0,-0.682,0
2026-06-22T20:32:36.315387+00:00,solana,SOL,5.641,raydium,raydium,566629,1,17,0,-0.044,0
2026-06-22T20:32:36.315387+00:00,solana,HYPE,0.5378,orca,meteora,372036,0,17,0,-0.1618,0
2026-06-22T20:32:36.315387+00:00,base,WETH,0.7515,aerodrome,uniswap,733053,1,17,0,-0.3218,0
2026-06-22T20:37:33.335094+00:00,sui,USDSUI,0.7438,turbos-finance,bluefin,294774,0,17,0,-1.2155,0
2026-06-22T20:37:33.335094+00:00,solana,JUP,0.4785,meteora,orca,288676,1,17,6,3.9197,1
2026-06-22T20:39:11.517754+00:00,solana,ORE,0.7666,meteora,orca,266962,0,17,1,0.4948,0
2026-06-22T20:42:28.242263+00:00,base,VIRTUAL,0.3893,uniswap,aerodrome,779628,1,17,0,-0.3791,0
2026-06-22T20:49:05.977175+00:00,base,MAMO,1.4134,aerodrome,aerodrome,317152,0,18,12,0.2425,1
2026-06-22T20:49:05.977175+00:00,base,CBBTC,0.4973,uniswap,aerodrome,701983,1,18,0,-0.4541,0
2026-06-22T20:49:05.977175+00:00,base,VVV,0.4569,aerodrome,aerodrome,275866,1,18,0,-0.2861,0
2026-06-22T20:54:10.129992+00:00,base,ETH,0.7737,uniswap,uniswap,356894,0,18,0,-0.8573,0
2026-06-22T20:55:50.991735+00:00,base,CBETH,0.4936,aerodrome,alien-base,274846,0,18,0,-1.0333,0
2026-06-22T21:01:05.811444+00:00,solana,MET,1.133,meteora,meteora,926983,1,18,3,0.0336,1
2026-06-22T21:02:50.626952+00:00,base,AERO,0.3267,uniswap,uniswap,370023,1,18,0,-0.5984,0
2026-06-22T21:04:35.611172+00:00,base,WETH,0.9374,0x03C01Acae3D0173a93d819efDc832C7C4F153B06,uniswap,387558,1,18,0,-0.192,0
2026-06-22T21:22:15.272944+00:00,sui,USDC,0.315,turbos-finance,turbos-finance,267728,1,13,0,-1.2646,0
2026-06-22T21:20:36.655913+00:00,solana,JUP,0.7615,meteora,meteora,411333,1,14,0,-0.5673,0
2026-06-22T21:20:36.655913+00:00,solana,PENGU,0.6655,meteora,pumpswap,1099528,0,14,0,-0.1074,0
2026-06-22T21:23:53.699371+00:00,solana,JITOSOL,0.3645,orca,orca,334541,0,12,0,-0.2938,0
2026-06-22T21:15:40.612398+00:00,base,VIRTUAL,0.4573,uniswap,aerodrome,779040,1,17,2,0.0643,1
2026-06-22T21:23:53.699371+00:00,base,CBBTC,0.7278,aerodrome,aerodrome,701933,1,12,1,0.0848,0
2026-06-22T21:25:32.348322+00:00,solana,SOL,0.6075,pumpswap,orca,2464236,1,12,0,-0.0553,0
2026-06-22T21:25:32.348322+00:00,base,SOL,0.317,aerodrome,aerodrome,273383,1,12,0,-1.5359,0
2026-06-22T21:39:12.559841+00:00,solana,POPCAT,0.7175,raydium,raydium,570812,0,9,0,-0.7071,0
2026-06-22T21:54:23.050567+00:00,solana,FARTCOIN ,0.6971,raydium,orca,461925,0,7,0,-0.5702,0
2026-06-22T21:39:12.559841+00:00,base,WETH,0.8546,pancakeswap,uniswap,733047,1,12,0,-0.1847,0
2026-06-22T21:40:51.954381+00:00,base,ETH,1.0646,uniswap,uniswap,274054,0,11,0,-0.7687,0
2026-06-22T21:40:51.954381+00:00,base,AERO,0.9865,aerodrome,uniswap,370023,1,11,0,-0.1105,0
2026-06-22T21:57:52.122446+00:00,base,SOL,0.3306,aerodrome,aerodrome,275129,1,10,0,-1.507,0
2026-06-22T21:54:23.050567+00:00,solana,MET,0.9292,meteora,meteora,757731,1,13,1,0.0572,0
2026-06-22T21:54:23.050567+00:00,base,MAMO,2.2036,aerodrome,aerodrome,315890,0,13,12,0.4358,1
2026-06-22T22:22:47.050610+00:00,solana,USELESS,0.5207,meteora,raydium,306592,0,4,0,-1.2845,0
2026-06-22T21:56:06.985658+00:00,base,CBBTC,0.5843,uniswap,uniswap,437203,1,13,0,-0.6835,0
2026-06-22T21:56:06.985658+00:00,base,VIRTUAL,0.4247,uniswap,aerodrome,1134592,1,13,0,-0.4293,0
2026-06-22T22:29:10.172160+00:00,base,SOL,0.425,aerodrome,aerodrome,259647,1,2,0,-2.0405,0
2026-06-22T22:03:09.144859+00:00,sui,USDSUI,0.6024,turbos-finance,bluefin,293755,1,12,0,-0.7239,0
2026-06-22T22:03:09.144859+00:00,sui,USDC,0.4547,turbos-finance,cetus,451125,0,12,0,-0.9111,0
2026-06-22T22:01:21.913464+00:00,solana,JUP,0.7615,meteora,meteora,411333,1,13,0,-0.0841,0
2026-06-22T22:01:21.913464+00:00,solana,HYPE,0.6319,orca,meteora,1145101,0,13,3,0.098,1
2026-06-22T22:06:38.223713+00:00,solana,SOL,0.4964,raydium,orca,2464532,1,10,2,0.2985,1
2026-06-22T22:30:45.918830+00:00,solana,TRUMP,0.5435,meteora,meteora,3924817,1,2,0,-0.6021,0
2026-06-22T22:29:10.172160+00:00,solana,CBBTC,0.4557,orca,orca,5003301,1,4,1,6.6202,0
2026-06-22T22:21:11.362147+00:00,solana,FARTCOIN ,0.771,orca,raydium,843160,0,10,0,-0.4313,0
2026-06-22T22:29:10.172160+00:00,solana,USDG,0.8402,orca,orca,3410535,0,6,1,2.7774,0
2026-06-22T22:51:09.091997+00:00,sui,WAL,0.3278,bluefin,bluefin,339054,0,2,0,-1.6778,0
2026-06-22T22:22:47.050610+00:00,base,WETH,0.8662,quickswap,uniswap,382839,1,11,1,0.0452,0
2026-06-22T22:24:22.802056+00:00,base,BNKR,0.314,uniswap,aerodrome,292184,0,11,0,-1.4934,0
2026-06-22T22:27:34.349022+00:00,solana,MET,1.0253,meteora,meteora,910413,1,11,0,-0.0886,0
2026-06-22T22:29:10.172160+00:00,sui,WBTC,0.4798,bluefin,momentum,355187,0,11,0,-1.0721,0
2026-06-22T22:29:10.172160+00:00,solana,JITOSOL,1.2455,orca,meteora,332461,1,11,0,-0.3164,0
2026-06-22T22:29:10.172160+00:00,solana,PENGU,0.993,meteora,pumpswap,1095616,0,11,6,0.4059,1
2026-06-22T22:30:45.918830+00:00,solana,POPCAT,0.4206,raydium,raydium,558370,1,10,0,-0.656,0
2026-06-22T22:29:10.172160+00:00,base,ETH,1.4803,uniswap,uniswap,273167,1,11,0,-0.2558,0
2026-06-22T22:29:10.172160+00:00,base,CBBTC,1.0218,uniswap,uniswap,437203,1,11,0,-0.2107,0
2026-06-22T22:29:10.172160+00:00,base,VIRTUAL,1.0082,uniswap,aerodrome,773251,1,11,0,-0.0106,0
2026-06-22T22:29:10.172160+00:00,base,AERO,0.9281,aerodrome,aerodrome,569417,1,11,5,0.3028,1
2026-06-22T22:30:45.918830+00:00,base,CBETH,0.6879,aerodrome,alien-base,255186,1,10,0,-1.2074,0
